attack,level,dt_level,mal_nodes,method,seed,round,node_id,is_malicious,rep,R2,R3,R4,r4_kl,r4_gate_hit,tau_gate
label_flip,L1,D0,0,weighted,0,15,0,0,94.65050125826423,0.6938502531795958,1.0,0.7265403074118696,0.31946131587028503,0,0.7
label_flip,L1,D0,0,weighted,0,15,1,0,93.31785810461132,0.6943451890952119,1.0,0.725828848791113,0.32044103741645813,0,0.7
label_flip,L1,D0,0,weighted,0,15,2,0,110.87169156633855,0.6933548697700582,1.0,0.7344519056948023,0.3086307644844055,0,0.7
label_flip,L1,D0,0,weighted,0,15,3,0,85.13374005737894,0.691866054708898,1.0,0.7212518413471345,0.3267669081687927,0,0.7
label_flip,L1,D0,0,weighted,0,15,4,0,106.49695640063524,0.6848656817087614,1.0,0.7324814919086221,0.31131720542907715,0,0.7
label_flip,L1,D0,0,weighted,0,15,5,0,74.73265029040388,0.6853685560897063,1.0,0.7147690113291657,0.3357958495616913,0,0.7
label_flip,L1,D0,0,weighted,0,15,6,0,106.64823391020222,0.6943451890952119,1.0,0.7325050683095711,0.31128501892089844,0,0.7
label_flip,L1,D0,0,weighted,0,15,7,0,90.23731703745588,0.690871291822821,1.0,0.7241677963357154,0.322732150554657,0,0.7
label_flip,L1,D0,0,weighted,0,15,8,0,75.72400423801943,0.691866054708898,1.0,0.7153954300821717,0.33491984009742737,0,0.7
label_flip,L1,D0,0,weighted,0,15,9,0,84.69940562872092,0.6884801074904849,1.0,0.7210130286756933,0.3270980715751648,0,0.7
label_flip,L1,D0,0,weighted,1,15,0,0,40.27403748022664,0.6883766266448896,1.0,0.684931540503432,0.3784363865852356,1,0.7
label_flip,L1,D0,0,weighted,1,15,1,0,38.98519687572372,0.6888764436102496,1.0,0.6834137144975316,0.38065487146377563,1,0.7
label_flip,L1,D0,0,weighted,1,15,2,0,41.85607743965631,0.6883766266448896,1.0,0.6867271325968985,0.37581825256347656,1,0.7
label_flip,L1,D0,0,weighted,1,15,3,0,38.757170076985666,0.6848656817087614,1.0,0.6831590890260363,0.3810275197029114,1,0.7
label_flip,L1,D0,0,weighted,1,15,4,0,41.38449767223807,0.6793056652268982,1.0,0.6862413378296114,0.3765259087085724,1,0.7
label_flip,L1,D0,0,weighted,1,15,5,0,37.77133631082408,0.6943451890952119,1.0,0.681914595452845,0.38285085558891296,1,0.7
label_flip,L1,D0,0,weighted,1,15,6,0,40.40380581040507,0.6883766266448896,1.0,0.6850814462643414,0.37821754813194275,1,0.7
label_flip,L1,D0,0,weighted,1,15,7,0,38.85335038076827,0.6883766266448896,1.0,0.6832582073688409,0.3808824419975281,1,0.7
label_flip,L1,D0,0,weighted,1,15,8,0,38.15738525717748,0.6883766266448896,1.0,0.682416118960647,0.3821156620979309,1,0.7
label_flip,L1,D0,0,weighted,1,15,9,0,39.445000226938184,0.6894767968266082,1.0,0.6839572286596513,0.37985989451408386,1,0.7
label_flip,L1,D0,0,weighted,2,15,0,0,82.02584186614556,0.6923627761306459,1.0,0.7193899032356309,0.3293517827987671,0,0.7
label_flip,L1,D0,0,weighted,2,15,1,0,75.22036402240003,0.6938502531795958,1.0,0.7150518483574421,0.33540022373199463,0,0.7
label_flip,L1,D0,0,weighted,2,15,2,0,93.47717397295462,0.6938502531795958,1.0,0.7259166126270468,0.32032012939453125,0,0.7
label_flip,L1,D0,0,weighted,2,15,3,0,73.72230616204702,0.6888764436102496,1.0,0.7140708885335167,0.3367730379104614,0,0.7
label_flip,L1,D0,0,weighted,2,15,4,0,90.61198630271247,0.6782891950643175,1.0,0.7244378791969339,0.32235926389694214,0,0.7
label_flip,L1,D0,0,weighted,2,15,5,0,59.07496831690467,0.6838586329872711,1.0,0.7030210711727124,0.35236841440200806,0,0.7
label_flip,L1,D0,0,weighted,2,15,6,0,86.91866554634684,0.690871291822821,1.0,0.7222942836711481,0.32532262802124023,0,0.7
label_flip,L1,D0,0,weighted,2,15,7,0,74.79994707388465,0.6903732391550752,1.0,0.7147889926748143,0.3357678949832916,0,0.7
label_flip,L1,D0,0,weighted,2,15,8,0,62.67607897450525,0.6873756888806897,1.0,0.705962114519855,0.3481937050819397,0,0.7
label_flip,L1,D0,0,weighted,2,15,9,0,77.63390813405728,0.6899744836776147,1.0,0.7166503421936203,0.3331672251224518,0,0.7
label_flip,L1,D0,0,weighted,3,15,0,0,57.32714374559581,0.691866054708898,1.0,0.7014793809460461,0.35456377267837524,0,0.7
label_flip,L1,D0,0,weighted,3,15,1,0,56.09461834337837,0.692859052291308,1.0,0.700387698649496,0.3561212420463562,0,0.7
label_flip,L1,D0,0,weighted,3,15,2,0,62.734712953010145,0.6923627761306459,1.0,0.7059839326220176,0.34816280007362366,0,0.7
label_flip,L1,D0,0,weighted,3,15,3,0,56.22229268504849,0.6883766266448896,1.0,0.7005237841288674,0.3559269607067108,0,0.7
label_flip,L1,D0,0,weighted,3,15,4,0,61.082940043749055,0.6782891950643175,1.0,0.7047201846998562,0.3499544560909271,0,0.7
label_flip,L1,D0,0,weighted,3,15,5,0,51.206969830740135,0.6843623737385668,1.0,0.6961478819092181,0.36219316720962524,1,0.7
label_flip,L1,D0,0,weighted,3,15,6,0,59.66368818104246,0.690871291822821,1.0,0.7034818233995451,0.35171324014663696,0,0.7
label_flip,L1,D0,0,weighted,3,15,7,0,53.59916671784816,0.6898747442560611,1.0,0.6982522945640485,0.35917478799819946,1,0.7
label_flip,L1,D0,0,weighted,3,15,8,0,49.811683207260295,0.6873756888806897,1.0,0.6948451644708025,0.3640662431716919,1,0.7
label_flip,L1,D0,0,weighted,3,15,9,0,55.766566123140116,0.6879811193404675,1.0,0.7001188202228331,0.35650521516799927,0,0.7
label_flip,L1,D0,0,weighted,4,15,0,0,84.96847487265966,0.6953337028745058,1.0,0.7211373466778689,0.326925665140152,0,0.7
label_flip,L1,D0,0,weighted,4,15,1,0,75.54149448998118,0.691368888777879,1.0,0.7152772606149236,0.33508503437042236,0,0.7
label_flip,L1,D0,0,weighted,4,15,2,0,98.41612378042713,0.6933548697700582,1.0,0.7284934581607438,0.3167766332626343,0,0.7
label_flip,L1,D0,0,weighted,4,15,3,0,82.8375512564946,0.6858709832350601,1.0,0.7199147188925101,0.3286225199699402,0,0.7
label_flip,L1,D0,0,weighted,4,15,4,0,92.0436342951176,0.6803204244538034,1.0,0.7252115353991094,0.32129189372062683,0,0.7
label_flip,L1,D0,0,weighted,4,15,5,0,70.56339132341782,0.6878763705382501,1.0,0.7118861918231666,0.3398372232913971,0,0.7
label_flip,L1,D0,0,weighted,4,15,6,0,88.5884615988088,0.691368888777879,1.0,0.7232432364995399,0.3240096867084503,0,0.7
label_flip,L1,D0,0,weighted,4,15,7,0,77.0999449708886,0.6883766266448896,1.0,0.7163132452083844,0.33363771438598633,0,0.7
label_flip,L1,D0,0,weighted,4,15,8,0,67.27874388893679,0.6868745568521111,1.0,0.7095078444951177,0.3431837260723114,0,0.7
label_flip,L1,D0,0,weighted,4,15,9,0,73.77727087425976,0.6889786711748218,1.0,0.7141076417159458,0.3367215692996979,0,0.7
label_flip,L1,D0,3,weighted,0,15,0,1,13.763130627250032,0.556862495735372,1.0,0.6356379160861565,0.4531261920928955,1,0.7
label_flip,L1,D0,3,weighted,0,15,1,1,11.822822787818195,0.6194417670585854,1.0,0.6283069562708509,0.46472644805908203,1,0.7
label_flip,L1,D0,3,weighted,0,15,2,1,11.9769071639438,0.6281936944470652,1.0,0.6288661464046613,0.4638368487358093,1,0.7
label_flip,L1,D0,3,weighted,0,15,3,0,78.51349439071934,0.6863729880391827,1.0,0.7172316607138647,0.33235639333724976,0,0.7
label_flip,L1,D0,3,weighted,0,15,4,0,86.33801974916668,0.6843623737385668,1.0,0.7219916908496596,0.32574164867401123,0,0.7
label_flip,L1,D0,3,weighted,0,15,5,0,71.94729434434133,0.6878763705382501,1.0,0.7128573095453656,0.33847400546073914,0,0.7
label_flip,L1,D0,3,weighted,0,15,6,0,85.74493003714896,0.692859052291308,1.0,0.7216045527068882,0.3262780010700226,0,0.7
label_flip,L1,D0,3,weighted,0,15,7,0,76.40851498233158,0.6893758206561906,1.0,0.7158578280272395,0.33427369594573975,0,0.7
label_flip,L1,D0,3,weighted,0,15,8,0,74.88209965398343,0.691866054708898,1.0,0.7148364133278087,0.3357015550136566,0,0.7
label_flip,L1,D0,3,weighted,0,15,9,0,79.08335023003673,0.6889786711748218,1.0,0.7175802247680684,0.33187052607536316,0,0.7
label_flip,L1,D0,3,weighted,1,15,0,1,3.969512119052133,0.6232806756624781,1.0,0.5778997523918178,0.5483548641204834,1,0.7
label_flip,L1,D0,3,weighted,1,15,1,1,4.202239387072691,0.6287379790893589,1.0,0.580496975811538,0.5438706874847412,1,0.7
label_flip,L1,D0,3,weighted,1,15,2,1,0.5720911645860024,0.6221853931401448,1.0,0.48936482950799703,0.7146469950675964,1,0.7
label_flip,L1,D0,3,weighted,1,15,3,0,27.437221148129073,0.6858709832350601,1.0,0.6670745944461818,0.4048534035682678,1,0.7
label_flip,L1,D0,3,weighted,1,15,4,0,29.062760088614766,0.6777803383859956,1.0,0.6697898000921346,0.40079134702682495,1,0.7
label_flip,L1,D0,3,weighted,1,15,5,0,26.669633399036716,0.6923627761306459,1.0,0.6657246733976518,0.40687909722328186,1,0.7
label_flip,L1,D0,3,weighted,1,15,6,0,28.143698168145768,0.6868745568521111,1.0,0.6682525114723541,0.40308916568756104,1,0.7
label_flip,L1,D0,3,weighted,1,15,7,0,27.104887241593165,0.6873756888806897,1.0,0.666500775762355,0.4057139754295349,1,0.7
label_flip,L1,D0,3,weighted,1,15,8,0,26.582536732385975,0.6883766266448896,1.0,0.6655910832913515,0.4070797860622406,1,0.7
label_flip,L1,D0,3,weighted,1,15,9,0,27.959219012779474,0.6859807714081106,1.0,0.6679507406638798,0.40354084968566895,1,0.7
label_flip,L1,D0,3,weighted,2,15,0,1,0.09007583913729668,0.6221853931401448,1.0,0.4062406398194213,0.9008095860481262,1,0.7
label_flip,L1,D0,3,weighted,2,15,1,1,0.13842396876523208,0.6265589069137336,1.0,0.4253982316245982,0.8547295331954956,1,0.7
label_flip,L1,D0,3,weighted,2,15,2,1,0.948905066239081,0.6194417670585854,1.0,0.5123810523175185,0.6686866879463196,1,0.7
label_flip,L1,D0,3,weighted,2,15,3,0,69.35861684605433,0.6883766266448896,1.0,0.7110226363971538,0.34105101227760315,0,0.7
label_flip,L1,D0,3,weighted,2,15,4,0,74.2540453451549,0.6777803383859956,1.0,0.7144857112561553,0.3361922800540924,0,0.7
label_flip,L1,D0,3,weighted,2,15,5,0,55.744461183590296,0.6853685560897063,1.0,0.7001120599414317,0.3565148711204529,0,0.7
label_flip,L1,D0,3,weighted,2,15,6,0,70.80259564955233,0.690871291822821,1.0,0.7120404266281104,0.33962059020996094,0,0.7
label_flip,L1,D0,3,weighted,2,15,7,0,63.1212032870579,0.6903732391550752,1.0,0.7063009707961789,0.347713828086853,0,0.7
label_flip,L1,D0,3,weighted,2,15,8,0,56.943375782069424,0.6858709832350601,1.0,0.7011735134211419,0.3549998998641968,0,0.7
label_flip,L1,D0,3,weighted,2,15,9,0,65.93419870311035,0.6899744836776147,1.0,0.7084829903493697,0.3446292281150818,0,0.7
label_flip,L1,D0,3,weighted,3,15,0,1,0.557428282370106,0.6298255535809265,1.0,0.488152431843045,0.7171275615692139,1,0.7
label_flip,L1,D0,3,weighted,3,15,1,1,6.110218966277738,0.6166904916434786,1.0,0.5978054282774578,0.5144899487495422,1,0.7
label_flip,L1,D0,3,weighted,3,15,2,1,6.311951087529364,0.6287379790893589,1.0,0.5992487308088876,0.5120785236358643,1,0.7
label_flip,L1,D0,3,weighted,3,15,3,0,46.29485014482383,0.6858709832350601,1.0,0.691437555947143,0.3689824342727661,1,0.7
label_flip,L1,D0,3,weighted,3,15,4,0,50.378893815567245,0.6782891950643175,1.0,0.6954156968817267,0.36324548721313477,1,0.7
label_flip,L1,D0,3,weighted,3,15,5,0,42.85630899111675,0.6873756888806897,1.0,0.6878325133171018,0.3742099106311798,1,0.7
label_flip,L1,D0,3,weighted,3,15,6,0,48.523194750634175,0.6903732391550752,1.0,0.6936088384398607,0.365847110748291,1,0.7
label_flip,L1,D0,3,weighted,3,15,7,0,43.692973025895775,0.6903732391550752,1.0,0.6887197901184386,0.37292078137397766,1,0.7
label_flip,L1,D0,3,weighted,3,15,8,0,44.23884886290927,0.6858709832350601,1.0,0.6893195789837422,0.37205028533935547,1,0.7
label_flip,L1,D0,3,weighted,3,15,9,0,44.106552655877465,0.6859807714081106,1.0,0.6891794466709583,0.3722535967826843,1,0.7
label_flip,L1,D0,3,weighted,4,15,0,1,12.257575449000372,0.6161393280712759,1.0,0.6299949383549038,0.46204349398612976,1,0.7
label_flip,L1,D0,3,weighted,4,15,1,1,17.08390371701824,0.6238278316897448,1.0,0.645351924110258,0.4379594922065735,1,0.7
label_flip,L1,D0,3,weighted,4,15,2,1,0.5774583572638767,0.627104164133589,1.0,0.4897661472107894,0.7138272523880005,1,0.7
label_flip,L1,D0,3,weighted,4,15,3,0,72.03664061442508,0.6883766266448896,1.0,0.7129168612164879,0.3383904695510864,0,0.7
label_flip,L1,D0,3,weighted,4,15,4,0,80.37178083980305,0.6793056652268982,1.0,0.7184366281736582,0.3306777775287628,0,0.7
label_flip,L1,D0,3,weighted,4,15,5,0,63.365163239210034,0.6938502531795958,1.0,0.7064764604692937,0.3474653959274292,0,0.7
label_flip,L1,D0,3,weighted,4,15,6,0,76.12124698261314,0.6898747442560611,1.0,0.7156669974834062,0.33454030752182007,0,0.7
label_flip,L1,D0,3,weighted,4,15,7,0,66.70171476192314,0.6888764436102496,1.0,0.7090671508402326,0.3438050448894501,0,0.7
label_flip,L1,D0,3,weighted,4,15,8,0,64.65233806008875,0.6868745568521111,1.0,0.7075168406883976,0.34599384665489197,0,0.7
label_flip,L1,D0,3,weighted,4,15,9,0,72.22354335577722,0.6884801074904849,1.0,0.7130459033627781,0.33820948004722595,0,0.7
label_flip,L1,D0,5,weighted,0,15,0,1,7.151244800047989,0.5591621156540278,1.0,0.6053335469756517,0.5019756555557251,1,0.7
label_flip,L1,D0,5,weighted,0,15,1,1,7.113445158833735,0.618342164734373,1.0,0.6048154696748004,0.5028318762779236,1,0.7
label_flip,L1,D0,5,weighted,0,15,2,1,8.372845917236868,0.6292819371603869,1.0,0.6122964694787822,0.49053868651390076,1,0.7
label_flip,L1,D0,5,weighted,0,15,3,1,0.7793064680290628,0.6100571478998232,1.0,0.5034608849515869,0.6862492561340332,1,0.7
label_flip,L1,D0,5,weighted,0,15,4,1,0.12913122770287908,0.6347032563957558,1.0,0.4222538595341819,0.8621485829353333,1,0.7
label_flip,L1,D0,5,weighted,0,15,5,0,49.85267422219566,0.6878763705382501,1.0,0.6948811973243609,0.3640143871307373,1,0.7
label_flip,L1,D0,5,weighted,0,15,6,0,56.9004330896833,0.6933548697700582,1.0,0.7010983732772148,0.35510706901550293,0,0.7
label_flip,L1,D0,5,weighted,0,15,7,0,53.906728111304645,0.6898747442560611,1.0,0.6985192695591077,0.3587925136089325,1,0.7
label_flip,L1,D0,5,weighted,0,15,8,0,53.023094236979354,0.6933548697700582,1.0,0.69773187552746,0.3599203824996948,1,0.7
label_flip,L1,D0,5,weighted,0,15,9,0,55.208944912420904,0.6889786711748218,1.0,0.6996372717999357,0.357193261384964,0,0.7
label_flip,L1,D0,5,weighted,1,15,0,1,0.01925313371810653,0.622733191077754,1.0,0.3382473997643489,1.0839776992797852,1,0.7
label_flip,L1,D0,5,weighted,1,15,1,1,0.49436601657327656,0.6260133278851712,1.0,0.4827273902706551,0.7283031940460205,1,0.7
label_flip,L1,D0,5,weighted,1,15,2,1,0.05110223058139506,0.6205401454650176,1.0,0.3811016522820183,0.9646891355514526,1,0.7
label_flip,L1,D0,5,weighted,1,15,3,1,1.5076765644796473,0.6292819371603869,1.0,0.5334663003261534,0.6283593773841858,1,0.7
label_flip,L1,D0,5,weighted,1,15,4,1,5.556677773820806,0.6128261433221194,1.0,0.5934428597511547,0.5218143463134766,1,0.7
label_flip,L1,D0,5,weighted,1,15,5,0,15.84378607556658,0.6878763705382501,1.0,0.6415584862385904,0.4438549280166626,1,0.7
label_flip,L1,D0,5,weighted,1,15,6,0,17.13214509656411,0.6818393843256513,1.0,0.6452135768394971,0.43817389011383057,1,0.7
label_flip,L1,D0,5,weighted,1,15,7,0,16.453061039893477,0.6823448351037407,1.0,0.6433346199840903,0.44109028577804565,1,0.7
label_flip,L1,D0,5,weighted,1,15,8,0,15.382481300991753,0.6828498693010241,1.0,0.6402113164190943,0.4459569752216339,1,0.7
label_flip,L1,D0,5,weighted,1,15,9,0,16.953680905715935,0.6824635002029475,1.0,0.6447247721021157,0.43893176317214966,1,0.7
label_flip,L1,D0,5,weighted,2,15,0,1,0.0938734324447897,0.6205401454650176,1.0,0.40808691386226126,0.8962751030921936,1,0.7
label_flip,L1,D0,5,weighted,2,15,1,1,0.8187815750328218,0.6260133278851712,1.0,0.5056361834392773,0.6819378733634949,1,0.7
label_flip,L1,D0,5,weighted,2,15,2,1,0.6336593410929361,0.6194417670585854,1.0,0.49401620282986475,0.7051869630813599,1,0.7
label_flip,L1,D0,5,weighted,2,15,3,1,6.508701635211316,0.6144840654696918,1.0,0.6007312158469599,0.5096076726913452,1,0.7
label_flip,L1,D0,5,weighted,2,15,4,1,0.5795056188898561,0.6177919112205523,1.0,0.48996895916575517,0.7134132385253906,1,0.7
label_flip,L1,D0,5,weighted,2,15,5,0,37.015830449749046,0.692859052291308,1.0,0.6809803336896791,0.3842218518257141,1,0.7
label_flip,L1,D0,5,weighted,2,15,6,0,41.117492628804854,0.6863729880391827,1.0,0.6859067496765632,0.37701359391212463,1,0.7
label_flip,L1,D0,5,weighted,2,15,7,0,38.63139498758868,0.6863729880391827,1.0,0.6830006272886404,0.3812595009803772,1,0.7
label_flip,L1,D0,5,weighted,2,15,8,0,38.19672093671714,0.6828498693010241,1.0,0.6824898670291643,0.3820075988769531,1,0.7
label_flip,L1,D0,5,weighted,2,15,9,0,40.854092499421476,0.6859807714081106,1.0,0.6856090821765249,0.3774476647377014,1,0.7
label_flip,L1,D0,5,weighted,3,15,0,1,0.34364246026889045,0.6260133278851712,1.0,0.466277252987786,0.7629748582839966,1,0.7
label_flip,L1,D0,5,weighted,3,15,1,1,3.0978810135383434,0.6144840654696918,1.0,0.5665401183209303,0.5682073831558228,1,0.7
label_flip,L1,D0,5,weighted,3,15,2,1,3.5885182497554435,0.624921223170378,1.0,0.5732502605027248,0.5564329028129578,1,0.7
label_flip,L1,D0,5,weighted,3,15,3,1,3.1513465455512937,0.622733191077754,1.0,0.5672884475960268,0.566887378692627,1,0.7
label_flip,L1,D0,5,weighted,3,15,4,1,3.308770969866048,0.6155878730455818,1.0,0.5695615732430755,0.5628883838653564,1,0.7
label_flip,L1,D0,5,weighted,3,15,5,0,24.46452964833074,0.691866054708898,1.0,0.6617142133870867,0.4129215180873871,1,0.7
label_flip,L1,D0,5,weighted,3,15,6,0,27.932547340140246,0.6863729880391827,1.0,0.6679045194089254,0.4036100506782532,1,0.7
label_flip,L1,D0,5,weighted,3,15,7,0,25.650387605788236,0.6898747442560611,1.0,0.6639241794070329,0.4095873236656189,1,0.7
label_flip,L1,D0,5,weighted,3,15,8,0,26.555213170006006,0.6843623737385668,1.0,0.6655619247748022,0.4071235954761505,1,0.7
label_flip,L1,D0,5,weighted,3,15,9,0,28.463027574521448,0.6834705892118037,1.0,0.6687932162297169,0.40228036046028137,1,0.7
label_flip,L1,D0,5,weighted,4,15,0,1,7.132947875498748,0.613931715434525,1.0,0.6049622823218435,0.5025891661643982,1,0.7
label_flip,L1,D0,5,weighted,4,15,1,1,0.44805802789176813,0.6254674422093341,1.0,0.4782756872322721,0.7375679612159729,1,0.7
label_flip,L1,D0,5,weighted,4,15,2,1,0.31121333031493464,0.627649084419381,1.0,0.4617957987446962,0.7726324796676636,1,0.7
label_flip,L1,D0,5,weighted,4,15,3,1,6.21635875341076,0.613931715434525,1.0,0.5986128235801831,0.5131402611732483,1,0.7
label_flip,L1,D0,5,weighted,4,15,4,1,5.416867834014577,0.6166904916434786,1.0,0.5922500092604701,0.5238264203071594,1,0.7
label_flip,L1,D0,5,weighted,4,15,5,0,41.63249596878628,0.6938502531795958,1.0,0.6864520010377683,0.3762189745903015,1,0.7
label_flip,L1,D0,5,weighted,4,15,6,0,45.897983713448674,0.690871291822821,1.0,0.6910128021763566,0.369596928358078,1,0.7
label_flip,L1,D0,5,weighted,4,15,7,0,42.1907297119286,0.6903732391550752,1.0,0.6870889860347896,0.37529146671295166,1,0.7
label_flip,L1,D0,5,weighted,4,15,8,0,42.69947205497007,0.6898747442560611,1.0,0.6876499733927973,0.3744753301143646,1,0.7
label_flip,L1,D0,5,weighted,4,15,9,0,43.971041905850974,0.6869818087975521,1.0,0.6890313342529958,0.3724685311317444,1,0.7
stealth_amp,,D0,0,weighted,0,15,0,0,94.65050125826423,0.6938502531795958,1.0,0.7265403074118696,0.31946131587028503,0,0.7
stealth_amp,,D0,0,weighted,0,15,1,0,93.31785810461132,0.6943451890952119,1.0,0.725828848791113,0.32044103741645813,0,0.7
stealth_amp,,D0,0,weighted,0,15,2,0,110.87169156633855,0.6933548697700582,1.0,0.7344519056948023,0.3086307644844055,0,0.7
stealth_amp,,D0,0,weighted,0,15,3,0,85.13374005737894,0.691866054708898,1.0,0.7212518413471345,0.3267669081687927,0,0.7
stealth_amp,,D0,0,weighted,0,15,4,0,106.49695640063524,0.6848656817087614,1.0,0.7324814919086221,0.31131720542907715,0,0.7
stealth_amp,,D0,0,weighted,0,15,5,0,74.73265029040388,0.6853685560897063,1.0,0.7147690113291657,0.3357958495616913,0,0.7
stealth_amp,,D0,0,weighted,0,15,6,0,106.64823391020222,0.6943451890952119,1.0,0.7325050683095711,0.31128501892089844,0,0.7
stealth_amp,,D0,0,weighted,0,15,7,0,90.23731703745588,0.690871291822821,1.0,0.7241677963357154,0.322732150554657,0,0.7
stealth_amp,,D0,0,weighted,0,15,8,0,75.72400423801943,0.691866054708898,1.0,0.7153954300821717,0.33491984009742737,0,0.7
stealth_amp,,D0,0,weighted,0,15,9,0,84.69940562872092,0.6884801074904849,1.0,0.7210130286756933,0.3270980715751648,0,0.7
stealth_amp,,D0,0,weighted,1,15,0,0,40.27403748022664,0.6883766266448896,1.0,0.684931540503432,0.3784363865852356,1,0.7
stealth_amp,,D0,0,weighted,1,15,1,0,38.98519687572372,0.6888764436102496,1.0,0.6834137144975316,0.38065487146377563,1,0.7
stealth_amp,,D0,0,weighted,1,15,2,0,41.85607743965631,0.6883766266448896,1.0,0.6867271325968985,0.37581825256347656,1,0.7
stealth_amp,,D0,0,weighted,1,15,3,0,38.757170076985666,0.6848656817087614,1.0,0.6831590890260363,0.3810275197029114,1,0.7
stealth_amp,,D0,0,weighted,1,15,4,0,41.38449767223807,0.6793056652268982,1.0,0.6862413378296114,0.3765259087085724,1,0.7
stealth_amp,,D0,0,weighted,1,15,5,0,37.77133631082408,0.6943451890952119,1.0,0.681914595452845,0.38285085558891296,1,0.7
stealth_amp,,D0,0,weighted,1,15,6,0,40.40380581040507,0.6883766266448896,1.0,0.6850814462643414,0.37821754813194275,1,0.7
stealth_amp,,D0,0,weighted,1,15,7,0,38.85335038076827,0.6883766266448896,1.0,0.6832582073688409,0.3808824419975281,1,0.7
stealth_amp,,D0,0,weighted,1,15,8,0,38.15738525717748,0.6883766266448896,1.0,0.682416118960647,0.3821156620979309,1,0.7
stealth_amp,,D0,0,weighted,1,15,9,0,39.445000226938184,0.6894767968266082,1.0,0.6839572286596513,0.37985989451408386,1,0.7
stealth_amp,,D0,0,weighted,2,15,0,0,82.02584186614556,0.6923627761306459,1.0,0.7193899032356309,0.3293517827987671,0,0.7
stealth_amp,,D0,0,weighted,2,15,1,0,75.22036402240003,0.6938502531795958,1.0,0.7150518483574421,0.33540022373199463,0,0.7
stealth_amp,,D0,0,weighted,2,15,2,0,93.47717397295462,0.6938502531795958,1.0,0.7259166126270468,0.32032012939453125,0,0.7
stealth_amp,,D0,0,weighted,2,15,3,0,73.72230616204702,0.6888764436102496,1.0,0.7140708885335167,0.3367730379104614,0,0.7
stealth_amp,,D0,0,weighted,2,15,4,0,90.61198630271247,0.6782891950643175,1.0,0.7244378791969339,0.32235926389694214,0,0.7
stealth_amp,,D0,0,weighted,2,15,5,0,59.07496831690467,0.6838586329872711,1.0,0.7030210711727124,0.35236841440200806,0,0.7
stealth_amp,,D0,0,weighted,2,15,6,0,86.91866554634684,0.690871291822821,1.0,0.7222942836711481,0.32532262802124023,0,0.7
stealth_amp,,D0,0,weighted,2,15,7,0,74.79994707388465,0.6903732391550752,1.0,0.7147889926748143,0.3357678949832916,0,0.7
stealth_amp,,D0,0,weighted,2,15,8,0,62.67607897450525,0.6873756888806897,1.0,0.705962114519855,0.3481937050819397,0,0.7
stealth_amp,,D0,0,weighted,2,15,9,0,77.63390813405728,0.6899744836776147,1.0,0.7166503421936203,0.3331672251224518,0,0.7
stealth_amp,,D0,0,weighted,3,15,0,0,57.32714374559581,0.691866054708898,1.0,0.7014793809460461,0.35456377267837524,0,0.7
stealth_amp,,D0,0,weighted,3,15,1,0,56.09461834337837,0.692859052291308,1.0,0.700387698649496,0.3561212420463562,0,0.7
stealth_amp,,D0,0,weighted,3,15,2,0,62.734712953010145,0.6923627761306459,1.0,0.7059839326220176,0.34816280007362366,0,0.7
stealth_amp,,D0,0,weighted,3,15,3,0,56.22229268504849,0.6883766266448896,1.0,0.7005237841288674,0.3559269607067108,0,0.7
stealth_amp,,D0,0,weighted,3,15,4,0,61.082940043749055,0.6782891950643175,1.0,0.7047201846998562,0.3499544560909271,0,0.7
stealth_amp,,D0,0,weighted,3,15,5,0,51.206969830740135,0.6843623737385668,1.0,0.6961478819092181,0.36219316720962524,1,0.7
stealth_amp,,D0,0,weighted,3,15,6,0,59.66368818104246,0.690871291822821,1.0,0.7034818233995451,0.35171324014663696,0,0.7
stealth_amp,,D0,0,weighted,3,15,7,0,53.59916671784816,0.6898747442560611,1.0,0.6982522945640485,0.35917478799819946,1,0.7
stealth_amp,,D0,0,weighted,3,15,8,0,49.811683207260295,0.6873756888806897,1.0,0.6948451644708025,0.3640662431716919,1,0.7
stealth_amp,,D0,0,weighted,3,15,9,0,55.766566123140116,0.6879811193404675,1.0,0.7001188202228331,0.35650521516799927,0,0.7
stealth_amp,,D0,0,weighted,4,15,0,0,84.96847487265966,0.6953337028745058,1.0,0.7211373466778689,0.326925665140152,0,0.7
stealth_amp,,D0,0,weighted,4,15,1,0,75.54149448998118,0.691368888777879,1.0,0.7152772606149236,0.33508503437042236,0,0.7
stealth_amp,,D0,0,weighted,4,15,2,0,98.41612378042713,0.6933548697700582,1.0,0.7284934581607438,0.3167766332626343,0,0.7
stealth_amp,,D0,0,weighted,4,15,3,0,82.8375512564946,0.6858709832350601,1.0,0.7199147188925101,0.3286225199699402,0,0.7
stealth_amp,,D0,0,weighted,4,15,4,0,92.0436342951176,0.6803204244538034,1.0,0.7252115353991094,0.32129189372062683,0,0.7
stealth_amp,,D0,0,weighted,4,15,5,0,70.56339132341782,0.6878763705382501,1.0,0.7118861918231666,0.3398372232913971,0,0.7
stealth_amp,,D0,0,weighted,4,15,6,0,88.5884615988088,0.691368888777879,1.0,0.7232432364995399,0.3240096867084503,0,0.7
stealth_amp,,D0,0,weighted,4,15,7,0,77.0999449708886,0.6883766266448896,1.0,0.7163132452083844,0.33363771438598633,0,0.7
stealth_amp,,D0,0,weighted,4,15,8,0,67.27874388893679,0.6868745568521111,1.0,0.7095078444951177,0.3431837260723114,0,0.7
stealth_amp,,D0,0,weighted,4,15,9,0,73.77727087425976,0.6889786711748218,1.0,0.7141076417159458,0.3367215692996979,0,0.7
stealth_amp,,D0,3,weighted,0,15,0,1,4.858518425388049e-09,0.6486370589746729,1.0,7.36972633790413e-05,9.515544891357422,1,0.7
stealth_amp,,D0,3,weighted,0,15,1,1,1.0158948923898345e-07,0.6400906385623136,1.0,0.0014989523993423287,6.502988815307617,1,0.7
stealth_amp,,D0,3,weighted,0,15,2,1,1.9854680885858107e-08,0.6232806756624781,1.0,0.0003005668419151535,8.109840393066406,1,0.7
stealth_amp,,D0,3,weighted,0,15,3,0,93.97402337770112,0.691866054708898,1.0,0.726191589578125,0.3199414014816284,0,0.7
stealth_amp,,D0,3,weighted,0,15,4,0,107.24072747546184,0.6853685560897063,1.0,0.7328269620678137,0.31084567308425903,0,0.7
stealth_amp,,D0,3,weighted,0,15,5,0,79.79967360229361,0.6853685560897063,1.0,0.7180491279320803,0.33121728897094727,0,0.7
stealth_amp,,D0,3,weighted,0,15,6,0,106.43980824044034,0.6933548697700582,1.0,0.7324122078778321,0.3114117980003357,0,0.7
stealth_amp,,D0,3,weighted,0,15,7,0,92.81898960530893,0.690871291822821,1.0,0.7255782059521846,0.32078641653060913,0,0.7
stealth_amp,,D0,3,weighted,0,15,8,0,76.2572606915932,0.691866054708898,1.0,0.7157463013834058,0.3344295024871826,0,0.7
stealth_amp,,D0,3,weighted,0,15,9,0,89.76560135616045,0.6879811193404675,1.0,0.7239201865796925,0.3230741322040558,0,0.7
stealth_amp,,D0,3,weighted,1,15,0,1,1.2645800851230964e-08,0.6586632042739046,1.0,0.00019117803370262993,8.562305450439453,1,0.7
stealth_amp,,D0,3,weighted,1,15,1,1,3.208315699738814e-08,0.6390159374079317,1.0,0.00048315440590087386,7.63517427444458,1,0.7
stealth_amp,,D0,3,weighted,1,15,2,1,3.4958328439502227e-09,0.6325387338765281,1.0,5.313441624491945e-05,9.84268569946289,1,0.7
stealth_amp,,D0,3,weighted,1,15,3,0,44.444201796530606,0.6863729880391827,1.0,0.6895331393718303,0.37174052000045776,1,0.7
stealth_amp,,D0,3,weighted,1,15,4,0,48.012123253126724,0.678797641968035,1.0,0.6931690131016974,0.3664814233779907,1,0.7
stealth_amp,,D0,3,weighted,1,15,5,0,42.92767379785684,0.6938502531795958,1.0,0.6878798881520944,0.37414103746414185,1,0.7
stealth_amp,,D0,3,weighted,1,15,6,0,46.7926133274829,0.6888764436102496,1.0,0.6919222244676275,0.3682817220687866,1,0.7
stealth_amp,,D0,3,weighted,1,15,7,0,44.305038145858695,0.6883766266448896,1.0,0.6893775957729881,0.3719661235809326,1,0.7
stealth_amp,,D0,3,weighted,1,15,8,0,43.48961510999317,0.6893758206561906,1.0,0.6885069740971268,0.37322983145713806,1,0.7
stealth_amp,,D0,3,weighted,1,15,9,0,45.38821318871698,0.6894767968266082,1.0,0.6904985608347932,0.37034139037132263,1,0.7
stealth_amp,,D0,3,weighted,2,15,0,1,2.2855346965561583e-09,0.6122729237926241,1.0,3.4821884248781555e-05,10.265264511108398,1,0.7
stealth_amp,,D0,3,weighted,2,15,1,1,3.344480175467422e-08,0.6199911063590434,1.0,0.0005044047107086517,7.592131614685059,1,0.7
stealth_amp,,D0,3,weighted,2,15,2,1,1.880022717464405e-09,0.5927369402951135,1.0,2.8703121535245205e-05,10.458504676818848,1,0.7
stealth_amp,,D0,3,weighted,2,15,3,0,78.35308551166602,0.6888764436102496,1.0,0.7171168852398627,0.3325164318084717,0,0.7
stealth_amp,,D0,3,weighted,2,15,4,0,94.73932514333293,0.6798132639916838,1.0,0.7266573923910734,0.31930017471313477,0,0.7
stealth_amp,,D0,3,weighted,2,15,5,0,62.33736541835716,0.6843623737385668,1.0,0.7057062387288289,0.3485562205314636,0,0.7
stealth_amp,,D0,3,weighted,2,15,6,0,92.19387221960098,0.691368888777879,1.0,0.7252378388824811,0.321255624294281,0,0.7
stealth_amp,,D0,3,weighted,2,15,7,0,78.79951148680843,0.6923627761306459,1.0,0.7173835259912784,0.33214467763900757,0,0.7
stealth_amp,,D0,3,weighted,2,15,8,0,64.29974458279789,0.6873756888806897,1.0,0.7072409045036933,0.3463839292526245,0,0.7
stealth_amp,,D0,3,weighted,2,15,9,0,80.22622930907306,0.6899744836776147,1.0,0.7182926530888742,0.33087819814682007,0,0.7
stealth_amp,,D0,3,weighted,3,15,0,1,2.0817413528473336e-07,0.6374012680276052,1.0,0.002982605309286411,5.814958095550537,1,0.7
stealth_amp,,D0,3,weighted,3,15,1,1,2.1547637775451141e-07,0.6459762157203216,1.0,0.003078661527449652,5.783260345458984,1,0.7
stealth_amp,,D0,3,weighted,3,15,2,1,5.444890744409184e-10,0.5966698257452029,1.0,8.313071296030076e-06,11.697681427001953,1,0.7
stealth_amp,,D0,3,weighted,3,15,3,0,57.71492452798822,0.6858709832350601,1.0,0.7018464349537663,0.35404065251350403,0,0.7
stealth_amp,,D0,3,weighted,3,15,4,0,63.876144641357236,0.6793056652268982,1.0,0.7069507700930933,0.3467942476272583,0,0.7
stealth_amp,,D0,3,weighted,3,15,5,0,52.67302836309888,0.6878763705382501,1.0,0.6974483857371876,0.36032676696777344,1,0.7
stealth_amp,,D0,3,weighted,3,15,6,0,61.48375850866364,0.690871291822821,1.0,0.7049842960731225,0.34957975149154663,0,0.7
stealth_amp,,D0,3,weighted,3,15,7,0,56.154966987497254,0.6903732391550752,1.0,0.7004538906308757,0.3560267388820648,0,0.7
stealth_amp,,D0,3,weighted,3,15,8,0,51.26594043237862,0.6868745568521111,1.0,0.6961898539986113,0.36213287711143494,1,0.7
stealth_amp,,D0,3,weighted,3,15,9,0,58.079906396128294,0.6874816819217849,1.0,0.7021535795343077,0.3536031246185303,0,0.7
stealth_amp,,D0,3,weighted,4,15,0,1,2.375298782934977e-09,0.63145446625521,1.0,3.6119221636371295e-05,10.22868537902832,1,0.7
stealth_amp,,D0,3,weighted,4,15,1,1,8.810664092652953e-08,0.6330803730308888,1.0,0.0013059558863246776,6.640820026397705,1,0.7
stealth_amp,,D0,3,weighted,4,15,2,1,1.3852337288216333e-08,0.6210888691047506,1.0,0.00021012704519928982,8.467798233032227,1,0.7
stealth_amp,,D0,3,weighted,4,15,3,0,88.99445436326684,0.6878763705382501,1.0,0.723489321010592,0.3236694931983948,0,0.7
stealth_amp,,D0,3,weighted,4,15,4,0,99.52959776646485,0.6813334919439564,1.0,0.7291160857862905,0.3159223198890686,0,0.7
stealth_amp,,D0,3,weighted,4,15,5,0,69.60726652372767,0.6888764436102496,1.0,0.7111990660803085,0.3408029079437256,0,0.7
stealth_amp,,D0,3,weighted,4,15,6,0,91.05975948398452,0.691368888777879,1.0,0.7246189549866867,0.3221093416213989,0,0.7
stealth_amp,,D0,3,weighted,4,15,7,0,80.13462875911516,0.6888764436102496,1.0,0.7182410217690196,0.3309500813484192,0,0.7
stealth_amp,,D0,3,weighted,4,15,8,0,69.64941900296948,0.6878763705382501,1.0,0.7112343360735645,0.34075331687927246,0,0.7
stealth_amp,,D0,3,weighted,4,15,9,0,78.670289438111,0.6889786711748218,1.0,0.7173183850179513,0.3322354853153229,0,0.7
stealth_amp,,D0,5,weighted,0,15,0,1,1.0614376069717744e-09,0.6205401454650176,1.0,1.6164487316918477e-05,11.032693862915039,1,0.7
stealth_amp,,D0,5,weighted,0,15,1,1,3.2449994454769356e-08,0.6465091169573461,1.0,0.00048826284649590077,7.624656677246094,1,0.7
stealth_amp,,D0,5,weighted,0,15,2,1,7.706138095504794e-09,0.600031031695664,1.0,0.00011735888847296292,9.050273895263672,1,0.7
stealth_amp,,D0,5,weighted,0,15,3,1,7.719489646463451e-08,0.6287379790893589,1.0,0.001148328578884104,6.7694478034973145,1,0.7
stealth_amp,,D0,5,weighted,0,15,4,1,1.0013930083715423e-08,0.6281936944470652,1.0,0.00015197075856730304,8.79182243347168,1,0.7
stealth_amp,,D0,5,weighted,0,15,5,0,84.99925758890609,0.6843623737385668,1.0,0.7212103142415076,0.32682448625564575,0,0.7
stealth_amp,,D0,5,weighted,0,15,6,0,106.7104707248533,0.6933548697700582,1.0,0.7325391899447583,0.31123843789100647,0,0.7
stealth_amp,,D0,5,weighted,0,15,7,0,89.98536092460145,0.6903732391550752,1.0,0.7240304838395727,0.3229217827320099,0,0.7
stealth_amp,,D0,5,weighted,0,15,8,0,78.86838812422585,0.690871291822821,1.0,0.7174346680448629,0.3320733904838562,0,0.7
stealth_amp,,D0,5,weighted,0,15,9,0,94.56929958884338,0.6889786711748218,1.0,0.7265217513805184,0.3194868564605713,0,0.7
stealth_amp,,D0,5,weighted,1,15,0,1,7.950319139153392e-09,0.6486370589746729,1.0,0.00012048297814787757,9.024002075195312,1,0.7
stealth_amp,,D0,5,weighted,1,15,1,1,5.43483375109592e-08,0.6347032563957558,1.0,0.0008134179947191339,7.114265441894531,1,0.7
stealth_amp,,D0,5,weighted,1,15,2,1,1.3084950502209226e-09,0.6188921217818341,1.0,1.9928675045178013e-05,10.82335090637207,1,0.7
stealth_amp,,D0,5,weighted,1,15,3,1,3.174827852784392e-09,0.6254674422093341,1.0,4.829415607083129e-05,9.938199996948242,1,0.7
stealth_amp,,D0,5,weighted,1,15,4,1,3.858898309268861e-09,0.6194417670585854,1.0,5.872308200356572e-05,9.742677688598633,1,0.7
stealth_amp,,D0,5,weighted,1,15,5,0,92.29894321610703,0.6883766266448896,1.0,0.7253097514666239,0.32115647196769714,0,0.7
stealth_amp,,D0,5,weighted,1,15,6,0,114.70765234947626,0.6933548697700582,1.0,0.736152562557227,0.30631789565086365,0,0.7
stealth_amp,,D0,5,weighted,1,15,7,0,99.7403055993499,0.6933548697700582,1.0,0.7291617188548035,0.31585973501205444,0,0.7
stealth_amp,,D0,5,weighted,1,15,8,0,79.3490753272709,0.6893758206561906,1.0,0.7177459605874213,0.3316395878791809,0,0.7
stealth_amp,,D0,5,weighted,1,15,9,0,92.58657688804193,0.6894767968266082,1.0,0.7254598246724769,0.32094958424568176,0,0.7
stealth_amp,,D0,5,weighted,2,15,0,1,3.9423739617345636e-10,0.5910477435278058,1.0,6.0227413241241356e-06,12.019968032836914,1,0.7
stealth_amp,,D0,5,weighted,2,15,1,1,8.2190218563588e-08,0.6260133278851712,1.0,0.00122118984686023,6.707929611206055,1,0.7
stealth_amp,,D0,5,weighted,2,15,2,1,1.171217132143451e-09,0.5763218827062914,1.0,1.791472116596028e-05,10.929887771606445,1,0.7
stealth_amp,,D0,5,weighted,2,15,3,1,4.8412434766126944e-08,0.6347032563957558,1.0,0.0007258469713863489,7.228171348571777,1,0.7
stealth_amp,,D0,5,weighted,2,15,4,1,9.714822838385e-09,0.5989116589448159,1.0,0.00014787597835870634,8.819136619567871,1,0.7
stealth_amp,,D0,5,weighted,2,15,5,0,69.6866041328448,0.6818393843256513,1.0,0.7112912083823215,0.3406733572483063,0,0.7
stealth_amp,,D0,5,weighted,2,15,6,0,90.89206727460332,0.691368888777879,1.0,0.7245267919895638,0.3222365379333496,0,0.7
stealth_amp,,D0,5,weighted,2,15,7,0,77.51147447295382,0.691866054708898,1.0,0.7165619688822241,0.33329054713249207,0,0.7
stealth_amp,,D0,5,weighted,2,15,8,0,66.82400578530377,0.6883766266448896,1.0,0.7091612360682176,0.34367236495018005,0,0.7
stealth_amp,,D0,5,weighted,2,15,9,0,81.68952468968524,0.6899744836776147,1.0,0.7191964164252602,0.3296207785606384,0,0.7
stealth_amp,,D0,5,weighted,3,15,0,1,1.7551077812438842e-08,0.5966698257452029,1.0,0.0002665832271373903,8.22982406616211,1,0.7
stealth_amp,,D0,5,weighted,3,15,1,1,1.3865580455151224e-08,0.6050551379396224,1.0,0.00021066317747132812,8.465250015258789,1,0.7
stealth_amp,,D0,5,weighted,3,15,2,1,4.143046451824151e-09,0.5921741113556255,1.0,6.321360007717603e-05,9.668991088867188,1,0.7
stealth_amp,,D0,5,weighted,3,15,3,1,2.848901228322328e-08,0.6534032804317925,1.0,0.000428877095047353,7.754340171813965,1,0.7
stealth_amp,,D0,5,weighted,3,15,4,1,2.9418908154592785e-08,0.6221853931401448,1.0,0.0004441251257060586,7.719404220581055,1,0.7
stealth_amp,,D0,5,weighted,3,15,5,0,57.91766913990068,0.6818393843256513,1.0,0.7020419283042401,0.353762149810791,0,0.7
stealth_amp,,D0,5,weighted,3,15,6,0,67.08467561144197,0.6898747442560611,1.0,0.709348408105972,0.343408465385437,0,0.7
stealth_amp,,D0,5,weighted,3,15,7,0,60.27782574883848,0.690871291822821,1.0,0.703993858736453,0.35098564624786377,0,0.7
stealth_amp,,D0,5,weighted,3,15,8,0,56.30721810599525,0.6843623737385668,1.0,0.7006193248737809,0.3557905852794647,0,0.7
stealth_amp,,D0,5,weighted,3,15,9,0,62.33583367547685,0.6874816819217849,1.0,0.705689413581531,0.3485800623893738,0,0.7
stealth_amp,,D0,5,weighted,4,15,0,1,1.59261205682409e-08,0.6232806756624781,1.0,0.00024138053296741878,8.32913589477539,1,0.7
stealth_amp,,D0,5,weighted,4,15,1,1,2.1965368925856718e-08,0.6194417670585854,1.0,0.00033243487499598853,8.009066581726074,1,0.7
stealth_amp,,D0,5,weighted,4,15,2,1,8.238546100725165e-08,0.6292819371603869,1.0,0.0012236309923451245,6.7059326171875,1,0.7
stealth_amp,,D0,5,weighted,4,15,3,1,8.126072064326274e-09,0.657614283244076,1.0,0.00012302965471415944,9.003085136413574,1,0.7
stealth_amp,,D0,5,weighted,4,15,4,1,8.956167543306918e-08,0.6216372900797338,1.0,0.0013284453658840385,6.623745918273926,1,0.7
stealth_amp,,D0,5,weighted,4,15,5,0,68.03640130410166,0.6883766266448896,1.0,0.710060260628909,0.34240543842315674,0,0.7
stealth_amp,,D0,5,weighted,4,15,6,0,96.59455359015317,0.691368888777879,1.0,0.7275692734848449,0.31804606318473816,0,0.7
stealth_amp,,D0,5,weighted,4,15,7,0,86.72802680790635,0.6898747442560611,1.0,0.7221894809518291,0.3254677355289459,0,0.7
stealth_amp,,D0,5,weighted,4,15,8,0,71.23816252254099,0.6863729880391827,1.0,0.7123695683253772,0.33915844559669495,0,0.7
stealth_amp,,D0,5,weighted,4,15,9,0,89.55931888739187,0.6894767968266082,1.0,0.7237976753460312,0.3232433795928955,0,0.7
dt_logit_scale,,D0,0,weighted,0,15,0,0,94.65050125826423,0.6938502531795958,1.0,0.7265403074118696,0.31946131587028503,0,0.7
dt_logit_scale,,D0,0,weighted,0,15,1,0,93.31785810461132,0.6943451890952119,1.0,0.725828848791113,0.32044103741645813,0,0.7
dt_logit_scale,,D0,0,weighted,0,15,2,0,110.87169156633855,0.6933548697700582,1.0,0.7344519056948023,0.3086307644844055,0,0.7
dt_logit_scale,,D0,0,weighted,0,15,3,0,85.13374005737894,0.691866054708898,1.0,0.7212518413471345,0.3267669081687927,0,0.7
dt_logit_scale,,D0,0,weighted,0,15,4,0,106.49695640063524,0.6848656817087614,1.0,0.7324814919086221,0.31131720542907715,0,0.7
dt_logit_scale,,D0,0,weighted,0,15,5,0,74.73265029040388,0.6853685560897063,1.0,0.7147690113291657,0.3357958495616913,0,0.7
dt_logit_scale,,D0,0,weighted,0,15,6,0,106.64823391020222,0.6943451890952119,1.0,0.7325050683095711,0.31128501892089844,0,0.7
dt_logit_scale,,D0,0,weighted,0,15,7,0,90.23731703745588,0.690871291822821,1.0,0.7241677963357154,0.322732150554657,0,0.7
dt_logit_scale,,D0,0,weighted,0,15,8,0,75.72400423801943,0.691866054708898,1.0,0.7153954300821717,0.33491984009742737,0,0.7
dt_logit_scale,,D0,0,weighted,0,15,9,0,84.69940562872092,0.6884801074904849,1.0,0.7210130286756933,0.3270980715751648,0,0.7
dt_logit_scale,,D0,0,weighted,1,15,0,0,40.27403748022664,0.6883766266448896,1.0,0.684931540503432,0.3784363865852356,1,0.7
dt_logit_scale,,D0,0,weighted,1,15,1,0,38.98519687572372,0.6888764436102496,1.0,0.6834137144975316,0.38065487146377563,1,0.7
dt_logit_scale,,D0,0,weighted,1,15,2,0,41.85607743965631,0.6883766266448896,1.0,0.6867271325968985,0.37581825256347656,1,0.7
dt_logit_scale,,D0,0,weighted,1,15,3,0,38.757170076985666,0.6848656817087614,1.0,0.6831590890260363,0.3810275197029114,1,0.7
dt_logit_scale,,D0,0,weighted,1,15,4,0,41.38449767223807,0.6793056652268982,1.0,0.6862413378296114,0.3765259087085724,1,0.7
dt_logit_scale,,D0,0,weighted,1,15,5,0,37.77133631082408,0.6943451890952119,1.0,0.681914595452845,0.38285085558891296,1,0.7
dt_logit_scale,,D0,0,weighted,1,15,6,0,40.40380581040507,0.6883766266448896,1.0,0.6850814462643414,0.37821754813194275,1,0.7
dt_logit_scale,,D0,0,weighted,1,15,7,0,38.85335038076827,0.6883766266448896,1.0,0.6832582073688409,0.3808824419975281,1,0.7
dt_logit_scale,,D0,0,weighted,1,15,8,0,38.15738525717748,0.6883766266448896,1.0,0.682416118960647,0.3821156620979309,1,0.7
dt_logit_scale,,D0,0,weighted,1,15,9,0,39.445000226938184,0.6894767968266082,1.0,0.6839572286596513,0.37985989451408386,1,0.7
dt_logit_scale,,D0,0,weighted,2,15,0,0,82.02584186614556,0.6923627761306459,1.0,0.7193899032356309,0.3293517827987671,0,0.7
dt_logit_scale,,D0,0,weighted,2,15,1,0,75.22036402240003,0.6938502531795958,1.0,0.7150518483574421,0.33540022373199463,0,0.7
dt_logit_scale,,D0,0,weighted,2,15,2,0,93.47717397295462,0.6938502531795958,1.0,0.7259166126270468,0.32032012939453125,0,0.7
dt_logit_scale,,D0,0,weighted,2,15,3,0,73.72230616204702,0.6888764436102496,1.0,0.7140708885335167,0.3367730379104614,0,0.7
dt_logit_scale,,D0,0,weighted,2,15,4,0,90.61198630271247,0.6782891950643175,1.0,0.7244378791969339,0.32235926389694214,0,0.7
dt_logit_scale,,D0,0,weighted,2,15,5,0,59.07496831690467,0.6838586329872711,1.0,0.7030210711727124,0.35236841440200806,0,0.7
dt_logit_scale,,D0,0,weighted,2,15,6,0,86.91866554634684,0.690871291822821,1.0,0.7222942836711481,0.32532262802124023,0,0.7
dt_logit_scale,,D0,0,weighted,2,15,7,0,74.79994707388465,0.6903732391550752,1.0,0.7147889926748143,0.3357678949832916,0,0.7
dt_logit_scale,,D0,0,weighted,2,15,8,0,62.67607897450525,0.6873756888806897,1.0,0.705962114519855,0.3481937050819397,0,0.7
dt_logit_scale,,D0,0,weighted,2,15,9,0,77.63390813405728,0.6899744836776147,1.0,0.7166503421936203,0.3331672251224518,0,0.7
dt_logit_scale,,D0,0,weighted,3,15,0,0,57.32714374559581,0.691866054708898,1.0,0.7014793809460461,0.35456377267837524,0,0.7
dt_logit_scale,,D0,0,weighted,3,15,1,0,56.09461834337837,0.692859052291308,1.0,0.700387698649496,0.3561212420463562,0,0.7
dt_logit_scale,,D0,0,weighted,3,15,2,0,62.734712953010145,0.6923627761306459,1.0,0.7059839326220176,0.34816280007362366,0,0.7
dt_logit_scale,,D0,0,weighted,3,15,3,0,56.22229268504849,0.6883766266448896,1.0,0.7005237841288674,0.3559269607067108,0,0.7
dt_logit_scale,,D0,0,weighted,3,15,4,0,61.082940043749055,0.6782891950643175,1.0,0.7047201846998562,0.3499544560909271,0,0.7
dt_logit_scale,,D0,0,weighted,3,15,5,0,51.206969830740135,0.6843623737385668,1.0,0.6961478819092181,0.36219316720962524,1,0.7
dt_logit_scale,,D0,0,weighted,3,15,6,0,59.66368818104246,0.690871291822821,1.0,0.7034818233995451,0.35171324014663696,0,0.7
dt_logit_scale,,D0,0,weighted,3,15,7,0,53.59916671784816,0.6898747442560611,1.0,0.6982522945640485,0.35917478799819946,1,0.7
dt_logit_scale,,D0,0,weighted,3,15,8,0,49.811683207260295,0.6873756888806897,1.0,0.6948451644708025,0.3640662431716919,1,0.7
dt_logit_scale,,D0,0,weighted,3,15,9,0,55.766566123140116,0.6879811193404675,1.0,0.7001188202228331,0.35650521516799927,0,0.7
dt_logit_scale,,D0,0,weighted,4,15,0,0,84.96847487265966,0.6953337028745058,1.0,0.7211373466778689,0.326925665140152,0,0.7
dt_logit_scale,,D0,0,weighted,4,15,1,0,75.54149448998118,0.691368888777879,1.0,0.7152772606149236,0.33508503437042236,0,0.7
dt_logit_scale,,D0,0,weighted,4,15,2,0,98.41612378042713,0.6933548697700582,1.0,0.7284934581607438,0.3167766332626343,0,0.7
dt_logit_scale,,D0,0,weighted,4,15,3,0,82.8375512564946,0.6858709832350601,1.0,0.7199147188925101,0.3286225199699402,0,0.7
dt_logit_scale,,D0,0,weighted,4,15,4,0,92.0436342951176,0.6803204244538034,1.0,0.7252115353991094,0.32129189372062683,0,0.7
dt_logit_scale,,D0,0,weighted,4,15,5,0,70.56339132341782,0.6878763705382501,1.0,0.7118861918231666,0.3398372232913971,0,0.7
dt_logit_scale,,D0,0,weighted,4,15,6,0,88.5884615988088,0.691368888777879,1.0,0.7232432364995399,0.3240096867084503,0,0.7
dt_logit_scale,,D0,0,weighted,4,15,7,0,77.0999449708886,0.6883766266448896,1.0,0.7163132452083844,0.33363771438598633,0,0.7
dt_logit_scale,,D0,0,weighted,4,15,8,0,67.27874388893679,0.6868745568521111,1.0,0.7095078444951177,0.3431837260723114,0,0.7
dt_logit_scale,,D0,0,weighted,4,15,9,0,73.77727087425976,0.6889786711748218,1.0,0.7141076417159458,0.3367215692996979,0,0.7
dt_logit_scale,,D0,3,weighted,0,15,0,1,8.01704771746117,0.692859052291308,1.0,0.6099956427399669,0.49430346488952637,1,0.7
dt_logit_scale,,D0,3,weighted,0,15,1,1,6.404900217225076,0.6938502531795958,1.0,0.5996228865439427,0.5114543437957764,1,0.7
dt_logit_scale,,D0,3,weighted,0,15,2,1,75.906229589982,0.6938502531795958,1.0,0.7155056865999949,0.3347657322883606,0,0.7
dt_logit_scale,,D0,3,weighted,0,15,3,0,217.45692066159057,0.6893758206561906,1.0,0.7681531591460876,0.2637661397457123,0,0.7
dt_logit_scale,,D0,3,weighted,0,15,4,0,238.6158287706142,0.6868745568521111,1.0,0.7728083695986778,0.25772416591644287,0,0.7
dt_logit_scale,,D0,3,weighted,0,15,5,0,186.21303741144973,0.6878763705382501,1.0,0.76040518718297,0.27390384674072266,0,0.7
dt_logit_scale,,D0,3,weighted,0,15,6,0,226.25493291466537,0.6968131054252873,1.0,0.7700990537368787,0.26123613119125366,0,0.7
dt_logit_scale,,D0,3,weighted,0,15,7,0,154.69988241161752,0.6933548697700582,1.0,0.7511075755247913,0.2862063944339752,0,0.7
dt_logit_scale,,D0,3,weighted,0,15,8,0,142.7294200931799,0.6933548697700582,1.0,0.7470807591846319,0.29158198833465576,0,0.7
dt_logit_scale,,D0,3,weighted,0,15,9,0,161.00999172306115,0.6914648910834003,1.0,0.753115996717107,0.28353601694107056,0,0.7
dt_logit_scale,,D0,3,weighted,1,15,0,1,15.313593038809856,0.6878763705382501,1.0,0.6399798441746325,0.4463185966014862,1,0.7
dt_logit_scale,,D0,3,weighted,1,15,1,1,14.98599784668855,0.691368888777879,1.0,0.638960829110847,0.4479121267795563,1,0.7
dt_logit_scale,,D0,3,weighted,1,15,2,1,13.074869254991993,0.6888764436102496,1.0,0.6326484872715605,0.45784032344818115,1,0.7
dt_logit_scale,,D0,3,weighted,1,15,3,0,63.91641559974582,0.6883766266448896,1.0,0.7069369280435892,0.346813827753067,0,0.7
dt_logit_scale,,D0,3,weighted,1,15,4,0,65.6392424514872,0.6782891950643175,1.0,0.7083172402845205,0.3448632061481476,0,0.7
dt_logit_scale,,D0,3,weighted,1,15,5,0,61.41900073242641,0.6953337028745058,1.0,0.704909293758809,0.3496861457824707,0,0.7
dt_logit_scale,,D0,3,weighted,1,15,6,0,63.833524465762714,0.690871291822821,1.0,0.706859569250377,0.34692326188087463,0,0.7
dt_logit_scale,,D0,3,weighted,1,15,7,0,63.7749894601666,0.6898747442560611,1.0,0.7068186812168172,0.34698110818862915,0,0.7
dt_logit_scale,,D0,3,weighted,1,15,8,0,60.87570092396668,0.6888764436102496,1.0,0.7044973225563422,0.35027074813842773,0,0.7
dt_logit_scale,,D0,3,weighted,1,15,9,0,65.18550211678794,0.6879811193404675,1.0,0.7079219486050454,0.3454214334487915,0,0.7
dt_logit_scale,,D0,3,weighted,2,15,0,1,15.48560066662258,0.691368888777879,1.0,0.6404816767900473,0.44553476572036743,1,0.7
dt_logit_scale,,D0,3,weighted,2,15,1,1,18.7082278264313,0.6933548697700582,1.0,0.6492449125617484,0.431945264339447,1,0.7
dt_logit_scale,,D0,3,weighted,2,15,2,1,17.637649629582818,0.6898747442560611,1.0,0.6465257794287802,0.4361422061920166,1,0.7
dt_logit_scale,,D0,3,weighted,2,15,3,0,132.5270083855318,0.690871291822821,1.0,0.743384966617201,0.2965412437915802,0,0.7
dt_logit_scale,,D0,3,weighted,2,15,4,0,137.26407230548497,0.6853685560897063,1.0,0.7451684874991844,0.2941449284553528,0,0.7
dt_logit_scale,,D0,3,weighted,2,15,5,0,116.80482886307531,0.6858709832350601,1.0,0.7370958657110902,0.30503731966018677,0,0.7
dt_logit_scale,,D0,3,weighted,2,15,6,0,138.44281739877306,0.690871291822821,1.0,0.7455685120211764,0.29360824823379517,0,0.7
dt_logit_scale,,D0,3,weighted,2,15,7,0,130.0664710807797,0.6948396767801539,1.0,0.742428083405304,0.297829270362854,0,0.7
dt_logit_scale,,D0,3,weighted,2,15,8,0,119.39868483972619,0.6833544731640878,1.0,0.7382066369419384,0.3035314977169037,0,0.7
dt_logit_scale,,D0,3,weighted,2,15,9,0,132.2885951060831,0.6854795958918708,1.0,0.7433218951512183,0.29662609100341797,0,0.7
dt_logit_scale,,D0,3,weighted,3,15,0,1,21.0956390291275,0.6893758206561906,1.0,0.6548408435895663,0.42336305975914,1,0.7
dt_logit_scale,,D0,3,weighted,3,15,1,1,21.483617025288414,0.6933548697700582,1.0,0.6556689723799529,0.422099232673645,1,0.7
dt_logit_scale,,D0,3,weighted,3,15,2,1,31.154411666459584,0.6938502531795958,1.0,0.672949075620337,0.39608561992645264,1,0.7
dt_logit_scale,,D0,3,weighted,3,15,3,0,104.67330896706777,0.690871291822821,1.0,0.7315878513756534,0.3125379681587219,0,0.7
dt_logit_scale,,D0,3,weighted,3,15,4,0,113.814204655878,0.6858709832350601,1.0,0.735799011840418,0.3067982792854309,0,0.7
dt_logit_scale,,D0,3,weighted,3,15,5,0,94.27239269802408,0.6873756888806897,1.0,0.7263725408764183,0.3196922540664673,0,0.7
dt_logit_scale,,D0,3,weighted,3,15,6,0,114.09852367486158,0.6903732391550752,1.0,0.7359012496999094,0.3066593408584595,0,0.7
dt_logit_scale,,D0,3,weighted,3,15,7,0,103.33885249988367,0.6948396767801539,1.0,0.7309264725497966,0.3134424090385437,0,0.7
dt_logit_scale,,D0,3,weighted,3,15,8,0,95.47402058013172,0.6903732391550752,1.0,0.7269908425376292,0.3188413977622986,0,0.7
dt_logit_scale,,D0,3,weighted,3,15,9,0,108.91399922365315,0.6884801074904849,1.0,0.733585528105463,0.3098110854625702,0,0.7
dt_logit_scale,,D0,3,weighted,4,15,0,1,20.6696019533792,0.692859052291308,1.0,0.6538769668235753,0.42483606934547424,1,0.7
dt_logit_scale,,D0,3,weighted,4,15,1,1,15.83764994861457,0.6953337028745058,1.0,0.6415059276962205,0.44393685460090637,1,0.7
dt_logit_scale,,D0,3,weighted,4,15,2,1,39.45212271648369,0.6938502531795958,1.0,0.6839452636416923,0.37987738847732544,1,0.7
dt_logit_scale,,D0,3,weighted,4,15,3,0,191.0019791930157,0.6938502531795958,1.0,0.761644938247104,0.27227479219436646,0,0.7
dt_logit_scale,,D0,3,weighted,4,15,4,0,196.57949654374147,0.6823448351037407,1.0,0.7631416214274571,0.2703116536140442,0,0.7
dt_logit_scale,,D0,3,weighted,4,15,5,0,150.9397567250151,0.6863729880391827,1.0,0.7499121748159233,0.2877991795539856,0,0.7
dt_logit_scale,,D0,3,weighted,4,15,6,0,177.39130206362051,0.6968131054252873,1.0,0.757933836402494,0.277159184217453,0,0.7
dt_logit_scale,,D0,3,weighted,4,15,7,0,149.83952544872736,0.6938502531795958,1.0,0.7495089932879758,0.28833696246147156,0,0.7
dt_logit_scale,,D0,3,weighted,4,15,8,0,131.0249441961199,0.691866054708898,1.0,0.7428100556657355,0.29731491208076477,0,0.7
dt_logit_scale,,D0,3,weighted,4,15,9,0,150.35164366654936,0.6964041013015019,1.0,0.74966682157565,0.2881264090538025,0,0.7
dt_logit_scale,,D0,5,weighted,0,15,0,1,6.45437462339734,0.6883766266448896,1.0,0.6000032840433621,0.5108201503753662,1,0.7
dt_logit_scale,,D0,5,weighted,0,15,1,1,4.88078498518642,0.691866054708898,1.0,0.5871002133801848,0.5325597524642944,1,0.7
dt_logit_scale,,D0,5,weighted,0,15,2,1,11.720799990673596,0.691368888777879,1.0,0.6275724668600443,0.4658961296081543,1,0.7
dt_logit_scale,,D0,5,weighted,0,15,3,1,20.16475020959565,0.6893758206561906,1.0,0.6527446398964022,0.42656928300857544,1,0.7
dt_logit_scale,,D0,5,weighted,0,15,4,1,5.060508715756813,0.6838586329872711,1.0,0.5888034527619096,0.5296628475189209,1,0.7
dt_logit_scale,,D0,5,weighted,0,15,5,0,101.93308508924783,0.6968131054252873,1.0,0.7302317629462038,0.3143933117389679,0,0.7
dt_logit_scale,,D0,5,weighted,0,15,6,0,113.21041985489731,0.691866054708898,1.0,0.7355030802125079,0.30720055103302,0,0.7
dt_logit_scale,,D0,5,weighted,0,15,7,0,101.19917559903006,0.692859052291308,1.0,0.7298902352668205,0.31486111879348755,0,0.7
dt_logit_scale,,D0,5,weighted,0,15,8,0,94.07076964189783,0.691368888777879,1.0,0.7262455239329848,0.3198671340942383,0,0.7
dt_logit_scale,,D0,5,weighted,0,15,9,0,99.25956295229979,0.6924562966002169,1.0,0.7289246318714968,0.316184937953949,0,0.7
dt_logit_scale,,D0,5,weighted,1,15,0,1,5.372863424169061,0.6903732391550752,1.0,0.5915342231799633,0.5250357389450073,1,0.7
dt_logit_scale,,D0,5,weighted,1,15,1,1,12.098246460369088,0.6923627761306459,1.0,0.6290358189015895,0.4635670781135559,1,0.7
dt_logit_scale,,D0,5,weighted,1,15,2,1,5.774037928505338,0.6893758206561906,1.0,0.5948594612488324,0.5194301009178162,1,0.7
dt_logit_scale,,D0,5,weighted,1,15,3,1,4.722107896662448,0.6888764436102496,1.0,0.5855912941442628,0.5351331830024719,1,0.7
dt_logit_scale,,D0,5,weighted,1,15,4,1,7.177849721367602,0.6823448351037407,1.0,0.6049361404292805,0.5026323795318604,1,0.7
dt_logit_scale,,D0,5,weighted,1,15,5,0,84.35545408037724,0.6948396767801539,1.0,0.7207777749667379,0.32742440700531006,0,0.7
dt_logit_scale,,D0,5,weighted,1,15,6,0,99.31672285118185,0.6893758206561906,1.0,0.7289688191084971,0.3161243200302124,0,0.7
dt_logit_scale,,D0,5,weighted,1,15,7,0,102.40497136838646,0.6893758206561906,1.0,0.7304998838940373,0.31402620673179626,0,0.7
dt_logit_scale,,D0,5,weighted,1,15,8,0,85.20831902412735,0.6893758206561906,1.0,0.7213080744065661,0.3266889452934265,0,0.7
dt_logit_scale,,D0,5,weighted,1,15,9,0,93.53603989820418,0.6884801074904849,1.0,0.7259749402367112,0.320239782333374,0,0.7
dt_logit_scale,,D0,5,weighted,2,15,0,1,6.901233094706606,0.6948396767801539,1.0,0.6030636835054445,0.5057324767112732,1,0.7
dt_logit_scale,,D0,5,weighted,2,15,1,1,5.8325840534665065,0.6968131054252873,1.0,0.5952904833413643,0.5187057852745056,1,0.7
dt_logit_scale,,D0,5,weighted,2,15,2,1,16.745407246195583,0.6923627761306459,1.0,0.6441052935873633,0.43989306688308716,1,0.7
dt_logit_scale,,D0,5,weighted,2,15,3,1,3.990861960947547,0.6893758206561906,1.0,0.5778424379064145,0.5484540462493896,1,0.7
dt_logit_scale,,D0,5,weighted,2,15,4,1,9.103199795018206,0.6818393843256513,1.0,0.6159202446025313,0.4846377968788147,1,0.7
dt_logit_scale,,D0,5,weighted,2,15,5,0,114.12499750277921,0.6833544731640878,1.0,0.7359479434858636,0.30659589171409607,0,0.7
dt_logit_scale,,D0,5,weighted,2,15,6,0,151.80043423662002,0.691368888777879,1.0,0.7501714918331722,0.28745344281196594,0,0.7
dt_logit_scale,,D0,5,weighted,2,15,7,0,120.64233739068683,0.692859052291308,1.0,0.7386772186882813,0.3028942346572876,0,0.7
dt_logit_scale,,D0,5,weighted,2,15,8,0,104.6990519701694,0.6883766266448896,1.0,0.7316126200222416,0.3125041127204895,0,0.7
dt_logit_scale,,D0,5,weighted,2,15,9,0,127.59664713580906,0.6919608151348221,1.0,0.7414839006343422,0.2991018295288086,0,0.7
dt_logit_scale,,D0,5,weighted,3,15,0,1,7.644273659672618,0.6893758206561906,1.0,0.6078117207551103,0.4978901147842407,1,0.7
dt_logit_scale,,D0,5,weighted,3,15,1,1,7.010505510925853,0.6903732391550752,1.0,0.6038096880097232,0.5044962167739868,1,0.7
dt_logit_scale,,D0,5,weighted,3,15,2,1,10.241959583334198,0.691368888777879,1.0,0.621328800121032,0.47589486837387085,1,0.7
dt_logit_scale,,D0,5,weighted,3,15,3,1,9.734342290001644,0.6893758206561906,1.0,0.6189860079960433,0.4796726107597351,1,0.7
dt_logit_scale,,D0,5,weighted,3,15,4,1,8.641629811633488,0.6818393843256513,1.0,0.6135142086674108,0.4885518550872803,1,0.7
dt_logit_scale,,D0,5,weighted,3,15,5,0,59.8616086863341,0.6963204305360234,1.0,0.7036201666577544,0.35151660442352295,0,0.7
dt_logit_scale,,D0,5,weighted,3,15,6,0,64.89563292805329,0.690871291822821,1.0,0.7076846601509784,0.3457566797733307,0,0.7
dt_logit_scale,,D0,5,weighted,3,15,7,0,59.06916585948716,0.690871291822821,1.0,0.7029810965408176,0.3524252772331238,0,0.7
dt_logit_scale,,D0,5,weighted,3,15,8,0,61.97573099810343,0.6853685560897063,1.0,0.705410300864539,0.34897565841674805,0,0.7
dt_logit_scale,,D0,5,weighted,3,15,9,0,63.00051721535475,0.6879811193404675,1.0,0.7062172412095661,0.3478323817253113,0,0.7
dt_logit_scale,,D0,5,weighted,4,15,0,1,23.105621123405506,0.6958272919144188,1.0,0.6590395028091285,0.4169718027114868,1,0.7
dt_logit_scale,,D0,5,weighted,4,15,1,1,20.05973185404515,0.6987793171505192,1.0,0.6524584666987349,0.427007794380188,1,0.7
dt_logit_scale,,D0,5,weighted,4,15,2,1,12.675978406916729,0.691866054708898,1.0,0.6311990594270894,0.46013399958610535,1,0.7
dt_logit_scale,,D0,5,weighted,4,15,3,1,12.270467386729033,0.691368888777879,1.0,0.6296951491942883,0.46251946687698364,1,0.7
dt_logit_scale,,D0,5,weighted,4,15,4,1,14.895152360015185,0.691866054708898,1.0,0.638676568544767,0.44835710525512695,1,0.7
dt_logit_scale,,D0,5,weighted,4,15,5,0,147.72251829671006,0.6863729880391827,1.0,0.7488349169402991,0.28923672437667847,0,0.7
dt_logit_scale,,D0,5,weighted,4,15,6,0,167.4504621954107,0.6953337028745058,1.0,0.755057709457424,0.2809610962867737,0,0.7
dt_logit_scale,,D0,5,weighted,4,15,7,0,136.83519086285386,0.6943451890952119,1.0,0.744967134817355,0.2944151759147644,0,0.7
dt_logit_scale,,D0,5,weighted,4,15,8,0,119.26960097709272,0.6923627761306459,1.0,0.7381075103714485,0.30366578698158264,0,0.7
dt_logit_scale,,D0,5,weighted,4,15,9,0,139.01460225093047,0.6949270265254884,1.0,0.7457543138562759,0.29335907101631165,0,0.7
