attack_mode,attack,level,dt_level,mal_nodes,method,seed,tau_gate,lambda_m,ref_size,audit_size,skipped,skip_reason,polluted_acc,polluted_f1,clean_acc,clean_f1,w_mal,w_mal_round_mean,S_DT,S_DT_ratio,valid_ratio,fallback_rate,fallback_flag_first,fallback_flag_final,fallback_method,skip_semantic,num_masked,num_valid,benign_pass_rate,malicious_pass_rate,benign_admitted_weight_mass,uses_dt,method_detail,mimic_loss,poison_loss,final_kl_to_teacher,exp_group
label_flip,label_flip,L1,D0,0,mean,0,0.7,0.0,128,0,False,,0.8109997510910034,0.7746187057996119,0.8123366832733154,0.7725685845537483,0.0,0.0,nan,nan,nan,0.0,0.0,0.0,none,0,0.0,0.0,nan,nan,nan,False,,nan,nan,nan,base
label_flip,label_flip,L1,D0,0,mean,1,0.7,0.0,128,0,False,,0.8037753701210022,0.7605581737368641,0.7940462827682495,0.7454288445172127,0.0,0.0,nan,nan,nan,0.0,0.0,0.0,none,0,0.0,0.0,nan,nan,nan,False,,nan,nan,nan,base
label_flip,label_flip,L1,D0,0,mean,2,0.7,0.0,128,0,False,,0.8056396842002869,0.7662750235764675,0.8024449348449707,0.7624940100740489,0.0,0.0,nan,nan,nan,0.0,0.0,0.0,none,0,0.0,0.0,nan,nan,nan,False,,nan,nan,nan,base
label_flip,label_flip,L1,D0,0,mean,3,0.7,0.0,128,0,False,,0.8037753701210022,0.7648943989891814,0.801978349685669,0.7588916486716044,0.0,0.0,nan,nan,nan,0.0,0.0,0.0,none,0,0.0,0.0,nan,nan,nan,False,,nan,nan,nan,base
label_flip,label_flip,L1,D0,0,mean,4,0.7,0.0,128,0,False,,0.801677942276001,0.7607929066678019,0.8024449348449707,0.762010978971617,0.0,0.0,nan,nan,nan,0.0,0.0,0.0,none,0,0.0,0.0,nan,nan,nan,False,,nan,nan,nan,base
label_flip,label_flip,L1,D0,0,median,0,0.7,0.0,128,0,False,,0.8082032203674316,0.7713858846246026,0.8122434020042419,0.7728200809728095,0.0,0.0,nan,nan,nan,0.0,0.0,0.0,none,0,0.0,0.0,nan,nan,nan,False,,nan,nan,nan,base
label_flip,label_flip,L1,D0,0,median,1,0.7,0.0,128,0,False,,0.8040083646774292,0.7628290368052894,0.7953527569770813,0.7491982278334285,0.0,0.0,nan,nan,nan,0.0,0.0,0.0,none,0,0.0,0.0,nan,nan,nan,False,,nan,nan,nan,base
label_flip,label_flip,L1,D0,0,median,2,0.7,0.0,128,0,False,,0.8082032203674316,0.770147417708184,0.8060843348503113,0.7676572027609476,0.0,0.0,nan,nan,nan,0.0,0.0,0.0,none,0,0.0,0.0,nan,nan,nan,False,,nan,nan,nan,base
label_flip,label_flip,L1,D0,0,median,3,0.7,0.0,128,0,False,,0.8070380091667175,0.7696367300251079,0.804684579372406,0.7626190849014483,0.0,0.0,nan,nan,nan,0.0,0.0,0.0,none,0,0.0,0.0,nan,nan,nan,False,,nan,nan,nan,base
label_flip,label_flip,L1,D0,0,median,4,0.7,0.0,128,0,False,,0.8026100993156433,0.7626864004175034,0.8045912384986877,0.7655692739621655,0.0,0.0,nan,nan,nan,0.0,0.0,0.0,none,0,0.0,0.0,nan,nan,nan,False,,nan,nan,nan,base
label_flip,label_flip,L1,D0,0,trimmed_mean,0,0.7,0.0,128,0,False,,0.811465859413147,0.7756740033927496,0.813269853591919,0.7740408593443693,0.0,0.0,nan,nan,nan,0.0,0.0,0.0,none,0,0.0,0.0,nan,nan,nan,False,,nan,nan,nan,base
label_flip,label_flip,L1,D0,0,trimmed_mean,1,0.7,0.0,128,0,False,,0.8040083646774292,0.7622687588306961,0.7950727939605713,0.7485339155278646,0.0,0.0,nan,nan,nan,0.0,0.0,0.0,none,0,0.0,0.0,nan,nan,nan,False,,nan,nan,nan,base
label_flip,label_flip,L1,D0,0,trimmed_mean,2,0.7,0.0,128,0,False,,0.806571900844574,0.7681397011792492,0.804684579372406,0.7657881442635054,0.0,0.0,nan,nan,nan,0.0,0.0,0.0,none,0,0.0,0.0,nan,nan,nan,False,,nan,nan,nan,base
label_flip,label_flip,L1,D0,0,trimmed_mean,3,0.7,0.0,128,0,False,,0.8075040578842163,0.7696752652614978,0.8047779202461243,0.7624827179704878,0.0,0.0,nan,nan,nan,0.0,0.0,0.0,none,0,0.0,0.0,nan,nan,nan,False,,nan,nan,nan,base
label_flip,label_flip,L1,D0,0,trimmed_mean,4,0.7,0.0,128,0,False,,0.8009787797927856,0.7600054017402229,0.8030048608779907,0.7628611420861595,0.0,0.0,nan,nan,nan,0.0,0.0,0.0,none,0,0.0,0.0,nan,nan,nan,False,,nan,nan,nan,base
label_flip,label_flip,L1,D0,0,weighted,0,0.7,0.0,128,0,False,,0.8109997510910034,0.7747192617625112,0.8124300241470337,0.772917646352838,0.0,0.0,81.78755187988281,0.6389652490615845,0.640625,0.0,0.0,0.0,none,0,46.0,82.0,0.18666666666666665,nan,1.0,False,weighted,nan,nan,nan,base
label_flip,label_flip,L1,D0,0,weighted,1,0.7,0.0,128,0,False,,0.8037753701210022,0.7605581737368641,0.7941396236419678,0.7455698394894094,0.0,0.0,93.74921417236328,0.7324157357215881,0.734375,0.0,0.0,0.0,none,0,34.0,94.0,0.0,nan,1.0,False,weighted,nan,nan,nan,base
label_flip,label_flip,L1,D0,0,weighted,2,0.7,0.0,128,0,False,,0.8061057925224304,0.7669426710007763,0.8027248978614807,0.7630701200247785,0.0,0.0,81.73208618164062,0.6385319232940674,0.640625,0.0,0.0,0.0,none,0,46.0,82.0,0.16666666666666666,nan,1.0,False,weighted,nan,nan,nan,base
label_flip,label_flip,L1,D0,0,weighted,3,0.7,0.0,128,0,False,,0.8037753701210022,0.7648943989891814,0.8016983866691589,0.7585739690645598,0.0,0.0,88.71661376953125,0.6930985450744629,0.6953125,0.0,0.0,0.0,none,0,39.0,89.0,0.13333333333333333,nan,1.0,False,weighted,nan,nan,nan,base
label_flip,label_flip,L1,D0,0,weighted,4,0.7,0.0,128,0,False,,0.801677942276001,0.7607929066678019,0.8031914830207825,0.7630419938567531,0.0,0.0,84.79580688476562,0.6624672412872314,0.6640625,0.0,0.0,0.0,none,0,43.0,85.0,0.24666666666666667,nan,1.0,False,weighted,nan,nan,nan,base
label_flip,label_flip,L1,D0,0,weighted_r2only,0,0.7,0.0,128,0,False,,0.8109997510910034,0.7746187057996119,0.8123366832733154,0.7725685845537483,0.0,0.0,nan,nan,nan,0.0,0.0,0.0,none,0,0.0,0.0,nan,nan,nan,False,weighted,nan,nan,nan,base
label_flip,label_flip,L1,D0,0,weighted_r2only,1,0.7,0.0,128,0,False,,0.8037753701210022,0.7605581737368641,0.7940462827682495,0.7454288445172127,0.0,0.0,nan,nan,nan,0.0,0.0,0.0,none,0,0.0,0.0,nan,nan,nan,False,weighted,nan,nan,nan,base
label_flip,label_flip,L1,D0,0,weighted_r2only,2,0.7,0.0,128,0,False,,0.8056396842002869,0.7662750235764675,0.8024449348449707,0.7624940100740489,0.0,0.0,nan,nan,nan,0.0,0.0,0.0,none,0,0.0,0.0,nan,nan,nan,False,weighted,nan,nan,nan,base
label_flip,label_flip,L1,D0,0,weighted_r2only,3,0.7,0.0,128,0,False,,0.8037753701210022,0.7648943989891814,0.801978349685669,0.7588916486716044,0.0,0.0,nan,nan,nan,0.0,0.0,0.0,none,0,0.0,0.0,nan,nan,nan,False,weighted,nan,nan,nan,base
label_flip,label_flip,L1,D0,0,weighted_r2only,4,0.7,0.0,128,0,False,,0.801677942276001,0.7607929066678019,0.8024449348449707,0.762010978971617,0.0,0.0,nan,nan,nan,0.0,0.0,0.0,none,0,0.0,0.0,nan,nan,nan,False,weighted,nan,nan,nan,base
label_flip,label_flip,L1,D0,0,weighted_r4only,0,0.7,0.0,128,0,False,,0.8107666969299316,0.7742903828289822,0.8120567202568054,0.7723369080887895,0.0,0.0,81.78755187988281,0.6389652490615845,0.640625,0.0,0.0,0.0,none,0,46.0,82.0,0.18666666666666665,nan,1.0,False,weighted,nan,nan,nan,base
label_flip,label_flip,L1,D0,0,weighted_r4only,1,0.7,0.0,128,0,False,,0.8037753701210022,0.7605581737368641,0.7941396236419678,0.7455698394894094,0.0,0.0,93.74921417236328,0.7324157357215881,0.734375,0.0,0.0,0.0,none,0,34.0,94.0,0.0,nan,1.0,False,weighted,nan,nan,nan,base
label_flip,label_flip,L1,D0,0,weighted_r4only,2,0.7,0.0,128,0,False,,0.8061057925224304,0.7669426710007763,0.802818238735199,0.7631170057871344,0.0,0.0,81.73208618164062,0.6385319232940674,0.640625,0.0,0.0,0.0,none,0,46.0,82.0,0.16666666666666666,nan,1.0,False,weighted,nan,nan,nan,base
label_flip,label_flip,L1,D0,0,weighted_r4only,3,0.7,0.0,128,0,False,,0.8037753701210022,0.7648943989891814,0.8017917275428772,0.7587107507148325,0.0,0.0,88.71661376953125,0.6930985450744629,0.6953125,0.0,0.0,0.0,none,0,39.0,89.0,0.13333333333333333,nan,1.0,False,weighted,nan,nan,nan,base
label_flip,label_flip,L1,D0,0,weighted_r4only,4,0.7,0.0,128,0,False,,0.8012118339538574,0.7601191597730274,0.8027248978614807,0.7623702528852274,0.0,0.0,84.79580688476562,0.6624672412872314,0.6640625,0.0,0.0,0.0,none,0,43.0,85.0,0.24000000000000002,nan,1.0,False,weighted,nan,nan,nan,base
label_flip,label_flip,L1,D0,3,mean,0,0.7,0.0,128,0,False,,0.5968305468559265,0.39436761053776287,0.6578013896942139,0.42494757543062933,0.3,0.29999999999999993,nan,nan,nan,0.0,0.0,0.0,none,0,0.0,0.0,nan,nan,nan,False,,nan,nan,nan,base
label_flip,label_flip,L1,D0,3,mean,1,0.7,0.0,128,0,False,,0.40969470143318176,0.29062654984274294,0.35022395849227905,0.2593821273064635,0.3,0.29999999999999993,nan,nan,nan,0.0,0.0,0.0,none,0,0.0,0.0,nan,nan,nan,False,,nan,nan,nan,base
label_flip,label_flip,L1,D0,3,mean,2,0.7,0.0,128,0,False,,0.4845024347305298,0.47858824449662896,0.4565136134624481,0.45603459735854357,0.3,0.29999999999999993,nan,nan,nan,0.0,0.0,0.0,none,0,0.0,0.0,nan,nan,nan,False,,nan,nan,nan,base
label_flip,label_flip,L1,D0,3,mean,3,0.7,0.0,128,0,False,,0.5900722146034241,0.37109775758440666,0.649776041507721,0.3938571186150674,0.3,0.29999999999999993,nan,nan,nan,0.0,0.0,0.0,none,0,0.0,0.0,nan,nan,nan,False,,nan,nan,nan,base
label_flip,label_flip,L1,D0,3,mean,4,0.7,0.0,128,0,False,,0.40969470143318176,0.29062654984274294,0.35022395849227905,0.2593821273064635,0.3,0.29999999999999993,nan,nan,nan,0.0,0.0,0.0,none,0,0.0,0.0,nan,nan,nan,False,,nan,nan,nan,base
label_flip,label_flip,L1,D0,3,median,0,0.7,0.0,128,0,False,,0.6721044182777405,0.6591028781498243,0.8066442608833313,0.7933289359768676,0.3,0.29999999999999993,nan,nan,nan,0.0,0.0,0.0,none,0,0.0,0.0,nan,nan,nan,False,,nan,nan,nan,base
label_flip,label_flip,L1,D0,3,median,1,0.7,0.0,128,0,False,,0.6790958046913147,0.6260601946996238,0.7909667491912842,0.7400131185718299,0.3,0.29999999999999993,nan,nan,nan,0.0,0.0,0.0,none,0,0.0,0.0,nan,nan,nan,False,,nan,nan,nan,base
label_flip,label_flip,L1,D0,3,median,2,0.7,0.0,128,0,False,,0.6746678948402405,0.6318755441754216,0.8030981421470642,0.7627319167707215,0.3,0.29999999999999993,nan,nan,nan,0.0,0.0,0.0,none,0,0.0,0.0,nan,nan,nan,False,,nan,nan,nan,base
label_flip,label_flip,L1,D0,3,median,3,0.7,0.0,128,0,False,,0.6818923354148865,0.6372038530418146,0.7979656457901001,0.7537453174074118,0.3,0.29999999999999993,nan,nan,nan,0.0,0.0,0.0,none,0,0.0,0.0,nan,nan,nan,False,,nan,nan,nan,base
label_flip,label_flip,L1,D0,3,median,4,0.7,0.0,128,0,False,,0.6781635880470276,0.6310058360999056,0.8020716905593872,0.7607598806383686,0.3,0.29999999999999993,nan,nan,nan,0.0,0.0,0.0,none,0,0.0,0.0,nan,nan,nan,False,,nan,nan,nan,base
label_flip,label_flip,L1,D0,3,trimmed_mean,0,0.7,0.0,128,0,False,,0.6644138693809509,0.6002618756189698,0.7924598455429077,0.7366246907053953,0.3,0.29999999999999993,nan,nan,nan,0.0,0.0,0.0,none,0,0.0,0.0,nan,nan,nan,False,,nan,nan,nan,base
label_flip,label_flip,L1,D0,3,trimmed_mean,1,0.7,0.0,128,0,False,,0.6597529649734497,0.5838074424992572,0.7531728148460388,0.671753101453876,0.3,0.29999999999999993,nan,nan,nan,0.0,0.0,0.0,none,0,0.0,0.0,nan,nan,nan,False,,nan,nan,nan,base
label_flip,label_flip,L1,D0,3,trimmed_mean,2,0.7,0.0,128,0,False,,0.660452127456665,0.6028650058990885,0.7806084156036377,0.7235316417206459,0.3,0.29999999999999993,nan,nan,nan,0.0,0.0,0.0,none,0,0.0,0.0,nan,nan,nan,False,,nan,nan,nan,base
label_flip,label_flip,L1,D0,3,trimmed_mean,3,0.7,0.0,128,0,False,,0.6541598439216614,0.5731870730421231,0.7575587630271912,0.6753673597278418,0.3,0.29999999999999993,nan,nan,nan,0.0,0.0,0.0,none,0,0.0,0.0,nan,nan,nan,False,,nan,nan,nan,base
label_flip,label_flip,L1,D0,3,trimmed_mean,4,0.7,0.0,128,0,False,,0.6672104597091675,0.6012698358157529,0.7841545343399048,0.7232517339645649,0.3,0.29999999999999993,nan,nan,nan,0.0,0.0,0.0,none,0,0.0,0.0,nan,nan,nan,False,,nan,nan,nan,base
label_flip,label_flip,L1,D0,3,weighted,0,0.7,0.0,128,0,False,,0.6835236549377441,0.6383193953689588,0.8126166462898254,0.7724114997630154,0.041695463298330654,0.07398158287236635,91.7368392944336,0.7166940569877625,0.71875,0.0,0.0,0.0,none,0,36.0,92.0,0.0,0.0,0.9260184171276336,False,weighted,nan,nan,nan,base
label_flip,label_flip,L1,D0,3,weighted,1,0.7,0.0,128,0,False,,0.6779305338859558,0.625237806341874,0.7872340679168701,0.7354248623748534,0.06461891432128966,0.09768235045479279,91.88980102539062,0.7178890705108643,0.71875,0.0,0.0,0.0,none,0,36.0,92.0,0.0,0.0,0.9023176495452073,False,weighted,nan,nan,nan,base
label_flip,label_flip,L1,D0,3,weighted,2,0.7,0.0,128,0,False,,0.6737357378005981,0.6300191364735255,0.802538275718689,0.7617916968444074,0.04602149026884913,0.058662255468962594,75.86407470703125,0.5926880836486816,0.59375,0.0,0.0,0.0,none,0,52.0,76.0,0.15238095238095237,0.0,0.9413377445310374,False,weighted,nan,nan,nan,base
label_flip,label_flip,L1,D0,3,weighted,3,0.7,0.0,128,0,False,,0.6767653226852417,0.6278272674711792,0.7973124384880066,0.7504431200588044,0.03668036606613713,0.06590696854569603,82.65809631347656,0.6457663774490356,0.6484375,0.0,0.0,0.0,none,0,45.0,83.0,0.009523809523809523,0.0,0.934093031454304,False,weighted,nan,nan,nan,base
label_flip,label_flip,L1,D0,3,weighted,4,0.7,0.0,128,0,False,,0.6802610158920288,0.6327773394826218,0.8034714460372925,0.7608014925168938,0.06391336942678454,0.07769803913943278,86.80510711669922,0.6781648993492126,0.6796875,0.0,0.0,0.0,none,0,41.0,87.0,0.009523809523809523,0.0,0.922301960860567,False,weighted,nan,nan,nan,base
label_flip,label_flip,L1,D0,3,weighted_r2only,0,0.7,0.0,128,0,False,,0.5968305468559265,0.39436761053776287,0.6578013896942139,0.42494757543062933,0.3,0.29999999999999993,nan,nan,nan,0.0,0.0,0.0,none,0,0.0,0.0,nan,nan,nan,False,weighted,nan,nan,nan,base
label_flip,label_flip,L1,D0,3,weighted_r2only,1,0.7,0.0,128,0,False,,0.40969470143318176,0.29062654984274294,0.35022395849227905,0.2593821273064635,0.3,0.29999999999999993,nan,nan,nan,0.0,0.0,0.0,none,0,0.0,0.0,nan,nan,nan,False,weighted,nan,nan,nan,base
label_flip,label_flip,L1,D0,3,weighted_r2only,2,0.7,0.0,128,0,False,,0.4845024347305298,0.47858824449662896,0.4565136134624481,0.45603459735854357,0.3,0.29999999999999993,nan,nan,nan,0.0,0.0,0.0,none,0,0.0,0.0,nan,nan,nan,False,weighted,nan,nan,nan,base
label_flip,label_flip,L1,D0,3,weighted_r2only,3,0.7,0.0,128,0,False,,0.5900722146034241,0.37109775758440666,0.649776041507721,0.3938571186150674,0.3,0.29999999999999993,nan,nan,nan,0.0,0.0,0.0,none,0,0.0,0.0,nan,nan,nan,False,weighted,nan,nan,nan,base
label_flip,label_flip,L1,D0,3,weighted_r2only,4,0.7,0.0,128,0,False,,0.40969470143318176,0.29062654984274294,0.35022395849227905,0.2593821273064635,0.3,0.29999999999999993,nan,nan,nan,0.0,0.0,0.0,none,0,0.0,0.0,nan,nan,nan,False,weighted,nan,nan,nan,base
label_flip,label_flip,L1,D0,3,weighted_r4only,0,0.7,0.0,128,0,False,,0.6765322685241699,0.6226865437143372,0.8040313720703125,0.7573543720804723,0.10349126998208115,0.13317503619931897,91.7368392944336,0.7166940569877625,0.71875,0.0,0.0,0.0,none,0,36.0,92.0,0.0,0.0,0.866824963800681,False,weighted,nan,nan,nan,base
label_flip,label_flip,L1,D0,3,weighted_r4only,1,0.7,0.0,128,0,False,,0.6693078279495239,0.6092721963280119,0.7696901559829712,0.7079837530544395,0.13942806440304756,0.16268368986848222,91.88980102539062,0.7178890705108643,0.71875,0.0,0.0,0.0,none,0,36.0,92.0,0.0,0.0,0.8373163101315177,False,weighted,nan,nan,nan,base
label_flip,label_flip,L1,D0,3,weighted_r4only,2,0.7,0.0,128,0,False,,0.6690748333930969,0.6194895736533974,0.7923665642738342,0.7447342629296162,0.125818622858534,0.1217523507797702,75.86407470703125,0.5926880836486816,0.59375,0.0,0.0,0.0,none,0,52.0,76.0,0.019047619047619046,0.0,0.8782476492202298,False,weighted,nan,nan,nan,base
label_flip,label_flip,L1,D0,3,weighted_r4only,3,0.7,0.0,128,0,False,,0.6674435138702393,0.6032516706234808,0.7786487340927124,0.7157771233290355,0.09390687065046527,0.12832155641763873,82.65809631347656,0.6457663774490356,0.6484375,0.0,0.0,0.0,none,0,45.0,83.0,0.0,0.0,0.8716784435823612,False,weighted,nan,nan,nan,base
label_flip,label_flip,L1,D0,3,weighted_r4only,4,0.7,0.0,128,0,False,,0.6795618534088135,0.6272118112966292,0.802818238735199,0.7555297145641036,0.11979861832105755,0.1339740072418567,86.80510711669922,0.6781648993492126,0.6796875,0.0,0.0,0.0,none,0,41.0,87.0,0.0,0.0,0.8660259927581433,False,weighted,nan,nan,nan,base
label_flip,label_flip,L1,D0,5,mean,0,0.7,0.0,128,0,False,,0.5623397827148438,0.35993436754153557,0.649776041507721,0.3938571186150674,0.5,0.5,nan,nan,nan,0.0,0.0,0.0,none,0,0.0,0.0,nan,nan,nan,False,,nan,nan,nan,base
label_flip,label_flip,L1,D0,5,mean,1,0.7,0.0,128,0,False,,0.4381263256072998,0.3046507859339964,0.35022395849227905,0.2593821273064635,0.5,0.5,nan,nan,nan,0.0,0.0,0.0,none,0,0.0,0.0,nan,nan,nan,False,,nan,nan,nan,base
label_flip,label_flip,L1,D0,5,mean,2,0.7,0.0,128,0,False,,0.4504777491092682,0.31057197943423304,0.35022395849227905,0.2593821273064635,0.5,0.5,nan,nan,nan,0.0,0.0,0.0,none,0,0.0,0.0,nan,nan,nan,False,,nan,nan,nan,base
label_flip,label_flip,L1,D0,5,mean,3,0.7,0.0,128,0,False,,0.552318811416626,0.35580243206702783,0.649776041507721,0.3938571186150674,0.5,0.5,nan,nan,nan,0.0,0.0,0.0,none,0,0.0,0.0,nan,nan,nan,False,,nan,nan,nan,base
label_flip,label_flip,L1,D0,5,mean,4,0.7,0.0,128,0,False,,0.43532976508140564,0.3032959896084913,0.35022395849227905,0.2593821273064635,0.5,0.5,nan,nan,nan,0.0,0.0,0.0,none,0,0.0,0.0,nan,nan,nan,False,,nan,nan,nan,base
label_flip,label_flip,L1,D0,5,median,0,0.7,0.0,128,0,False,,0.5623397827148438,0.35993436754153557,0.649776041507721,0.3938571186150674,0.5,0.5,nan,nan,nan,0.0,0.0,0.0,none,0,0.0,0.0,nan,nan,nan,False,,nan,nan,nan,base
label_flip,label_flip,L1,D0,5,median,1,0.7,0.0,128,0,False,,0.4381263256072998,0.3046507859339964,0.35022395849227905,0.2593821273064635,0.5,0.5,nan,nan,nan,0.0,0.0,0.0,none,0,0.0,0.0,nan,nan,nan,False,,nan,nan,nan,base
label_flip,label_flip,L1,D0,5,median,2,0.7,0.0,128,0,False,,0.5092053413391113,0.5066801569037735,0.5294886231422424,0.5289803867794387,0.5,0.5,nan,nan,nan,0.0,0.0,0.0,none,0,0.0,0.0,nan,nan,nan,False,,nan,nan,nan,base
label_flip,label_flip,L1,D0,5,median,3,0.7,0.0,128,0,False,,0.552318811416626,0.35580243206702783,0.649776041507721,0.3938571186150674,0.5,0.5,nan,nan,nan,0.0,0.0,0.0,none,0,0.0,0.0,nan,nan,nan,False,,nan,nan,nan,base
label_flip,label_flip,L1,D0,5,median,4,0.7,0.0,128,0,False,,0.43532976508140564,0.3032959896084913,0.35022395849227905,0.2593821273064635,0.5,0.5,nan,nan,nan,0.0,0.0,0.0,none,0,0.0,0.0,nan,nan,nan,False,,nan,nan,nan,base
label_flip,label_flip,L1,D0,5,trimmed_mean,0,0.7,0.0,128,0,False,,0.5623397827148438,0.35993436754153557,0.649776041507721,0.3938571186150674,0.5,0.5,nan,nan,nan,0.0,0.0,0.0,none,0,0.0,0.0,nan,nan,nan,False,,nan,nan,nan,base
label_flip,label_flip,L1,D0,5,trimmed_mean,1,0.7,0.0,128,0,False,,0.4381263256072998,0.3046507859339964,0.35022395849227905,0.2593821273064635,0.5,0.5,nan,nan,nan,0.0,0.0,0.0,none,0,0.0,0.0,nan,nan,nan,False,,nan,nan,nan,base
label_flip,label_flip,L1,D0,5,trimmed_mean,2,0.7,0.0,128,0,False,,0.4504777491092682,0.31057197943423304,0.35022395849227905,0.2593821273064635,0.5,0.5,nan,nan,nan,0.0,0.0,0.0,none,0,0.0,0.0,nan,nan,nan,False,,nan,nan,nan,base
label_flip,label_flip,L1,D0,5,trimmed_mean,3,0.7,0.0,128,0,False,,0.552318811416626,0.35580243206702783,0.649776041507721,0.3938571186150674,0.5,0.5,nan,nan,nan,0.0,0.0,0.0,none,0,0.0,0.0,nan,nan,nan,False,,nan,nan,nan,base
label_flip,label_flip,L1,D0,5,trimmed_mean,4,0.7,0.0,128,0,False,,0.43532976508140564,0.3032959896084913,0.35022395849227905,0.2593821273064635,0.5,0.5,nan,nan,nan,0.0,0.0,0.0,none,0,0.0,0.0,nan,nan,nan,False,,nan,nan,nan,base
label_flip,label_flip,L1,D0,5,weighted,0,0.7,0.0,128,0,False,,0.6236308813095093,0.5734329104753297,0.805524468421936,0.7602672211010175,0.07993822187903964,0.13253884895364712,74.78336334228516,0.5842450261116028,0.5859375,0.0,0.0,0.0,none,0,53.0,75.0,0.0,0.0,0.8674611510463528,False,weighted,nan,nan,nan,base
label_flip,label_flip,L1,D0,5,weighted,1,0.7,0.0,128,0,False,,0.5965975522994995,0.5336954423416266,0.7595185041427612,0.6949871939961859,0.24657255502073028,0.2202341596085923,91.8355484008789,0.7174652218818665,0.71875,0.0,0.0,0.0,none,0,36.0,92.0,0.0,0.0,0.7797658403914077,False,weighted,nan,nan,nan,base
label_flip,label_flip,L1,D0,5,weighted,2,0.7,0.0,128,0,False,,0.6073176264762878,0.5591785175386332,0.7895669937133789,0.7409840045593056,0.15459102017071394,0.1561158596833893,76.78043365478516,0.599847137928009,0.6015625,0.0,0.0,0.0,none,0,51.0,77.0,0.05333333333333334,0.0,0.8438841403166106,False,weighted,nan,nan,nan,base
label_flip,label_flip,L1,D0,5,weighted,3,0.7,0.0,128,0,False,,0.6061524152755737,0.5571791568715918,0.7878872752189636,0.7370715087090929,0.07701911458025008,0.10861585863935273,86.77936553955078,0.6779637932777405,0.6796875,0.0,0.0,0.0,none,0,41.0,87.0,0.0,0.0,0.8913841413606473,False,weighted,nan,nan,nan,base
label_flip,label_flip,L1,D0,5,weighted,4,0.7,0.0,128,0,False,,0.6185038685798645,0.5607449436557038,0.8017917275428772,0.7511007180645255,0.09269174584453688,0.17118216902053388,82.8746337890625,0.6474580764770508,0.6484375,0.0,0.0,0.0,none,0,45.0,83.0,0.0,0.0,0.828817830979466,False,weighted,nan,nan,nan,base
label_flip,label_flip,L1,D0,5,weighted_r2only,0,0.7,0.0,128,0,False,,0.5623397827148438,0.35993436754153557,0.649776041507721,0.3938571186150674,0.5,0.5,nan,nan,nan,0.0,0.0,0.0,none,0,0.0,0.0,nan,nan,nan,False,weighted,nan,nan,nan,base
label_flip,label_flip,L1,D0,5,weighted_r2only,1,0.7,0.0,128,0,False,,0.4381263256072998,0.3046507859339964,0.35022395849227905,0.2593821273064635,0.5,0.5,nan,nan,nan,0.0,0.0,0.0,none,0,0.0,0.0,nan,nan,nan,False,weighted,nan,nan,nan,base
label_flip,label_flip,L1,D0,5,weighted_r2only,2,0.7,0.0,128,0,False,,0.4504777491092682,0.31057197943423304,0.35022395849227905,0.2593821273064635,0.5,0.5,nan,nan,nan,0.0,0.0,0.0,none,0,0.0,0.0,nan,nan,nan,False,weighted,nan,nan,nan,base
label_flip,label_flip,L1,D0,5,weighted_r2only,3,0.7,0.0,128,0,False,,0.552318811416626,0.35580243206702783,0.649776041507721,0.3938571186150674,0.5,0.5,nan,nan,nan,0.0,0.0,0.0,none,0,0.0,0.0,nan,nan,nan,False,weighted,nan,nan,nan,base
label_flip,label_flip,L1,D0,5,weighted_r2only,4,0.7,0.0,128,0,False,,0.43532976508140564,0.3032959896084913,0.35022395849227905,0.2593821273064635,0.5,0.5,nan,nan,nan,0.0,0.0,0.0,none,0,0.0,0.0,nan,nan,nan,False,weighted,nan,nan,nan,base
label_flip,label_flip,L1,D0,5,weighted_r4only,0,0.7,0.0,128,0,False,,0.5975297093391418,0.5120481146287011,0.7544792890548706,0.6703717050650395,0.19655245242170022,0.2318357220621092,74.78336334228516,0.5842450261116028,0.5859375,0.0,0.0,0.0,none,0,53.0,75.0,0.0,0.0,0.7681642779378908,False,weighted,nan,nan,nan,base
label_flip,label_flip,L1,D0,5,weighted_r4only,1,0.7,0.0,128,0,False,,0.4369610846042633,0.30513474964320353,0.34761103987693787,0.2579461256143772,0.2451784980053424,0.24119933952753683,91.8355484008789,0.7174652218818665,0.71875,0.0,0.0,0.0,none,0,36.0,92.0,0.0,0.0,0.7588006604724631,False,weighted,nan,nan,nan,base
label_flip,label_flip,L1,D0,5,weighted_r4only,2,0.7,0.0,128,0,False,,0.5975297093391418,0.5380263337609716,0.7741694450378418,0.7137254313202634,0.23612494783491667,0.23841294813709643,76.78043365478516,0.599847137928009,0.6015625,0.0,0.0,0.0,none,0,51.0,77.0,0.0,0.0,0.7615870518629035,False,weighted,nan,nan,nan,base
label_flip,label_flip,L1,D0,5,weighted_r4only,3,0.7,0.0,128,0,False,,0.5732929110527039,0.44517255583091586,0.697741687297821,0.5425942780667545,0.20956808047627626,0.2142206115330624,86.77936553955078,0.6779637932777405,0.6796875,0.0,0.0,0.0,none,0,41.0,87.0,0.0,0.0,0.7857793884669377,False,weighted,nan,nan,nan,base
label_flip,label_flip,L1,D0,5,weighted_r4only,4,0.7,0.0,128,0,False,,0.4793754518032074,0.45212401879337416,0.445035457611084,0.4340796331036253,0.2522354281059145,0.2733359322282963,82.8746337890625,0.6474580764770508,0.6484375,0.0,0.0,0.0,none,0,45.0,83.0,0.0,0.0,0.7266640677717039,False,weighted,nan,nan,nan,base
stealth_amp,stealth_amp,,D0,0,mean,0,0.7,0.0,128,0,False,,0.8109997510910034,0.7746187057996119,0.8123366832733154,0.7725685845537483,0.0,0.0,nan,nan,nan,0.0,0.0,0.0,none,0,0.0,0.0,nan,nan,nan,False,,nan,nan,nan,base
stealth_amp,stealth_amp,,D0,0,mean,1,0.7,0.0,128,0,False,,0.8037753701210022,0.7605581737368641,0.7940462827682495,0.7454288445172127,0.0,0.0,nan,nan,nan,0.0,0.0,0.0,none,0,0.0,0.0,nan,nan,nan,False,,nan,nan,nan,base
stealth_amp,stealth_amp,,D0,0,mean,2,0.7,0.0,128,0,False,,0.8056396842002869,0.7662750235764675,0.8024449348449707,0.7624940100740489,0.0,0.0,nan,nan,nan,0.0,0.0,0.0,none,0,0.0,0.0,nan,nan,nan,False,,nan,nan,nan,base
stealth_amp,stealth_amp,,D0,0,mean,3,0.7,0.0,128,0,False,,0.8037753701210022,0.7648943989891814,0.801978349685669,0.7588916486716044,0.0,0.0,nan,nan,nan,0.0,0.0,0.0,none,0,0.0,0.0,nan,nan,nan,False,,nan,nan,nan,base
stealth_amp,stealth_amp,,D0,0,mean,4,0.7,0.0,128,0,False,,0.801677942276001,0.7607929066678019,0.8024449348449707,0.762010978971617,0.0,0.0,nan,nan,nan,0.0,0.0,0.0,none,0,0.0,0.0,nan,nan,nan,False,,nan,nan,nan,base
stealth_amp,stealth_amp,,D0,0,median,0,0.7,0.0,128,0,False,,0.8082032203674316,0.7713858846246026,0.8122434020042419,0.7728200809728095,0.0,0.0,nan,nan,nan,0.0,0.0,0.0,none,0,0.0,0.0,nan,nan,nan,False,,nan,nan,nan,base
stealth_amp,stealth_amp,,D0,0,median,1,0.7,0.0,128,0,False,,0.8040083646774292,0.7628290368052894,0.7953527569770813,0.7491982278334285,0.0,0.0,nan,nan,nan,0.0,0.0,0.0,none,0,0.0,0.0,nan,nan,nan,False,,nan,nan,nan,base
stealth_amp,stealth_amp,,D0,0,median,2,0.7,0.0,128,0,False,,0.8082032203674316,0.770147417708184,0.8060843348503113,0.7676572027609476,0.0,0.0,nan,nan,nan,0.0,0.0,0.0,none,0,0.0,0.0,nan,nan,nan,False,,nan,nan,nan,base
stealth_amp,stealth_amp,,D0,0,median,3,0.7,0.0,128,0,False,,0.8070380091667175,0.7696367300251079,0.804684579372406,0.7626190849014483,0.0,0.0,nan,nan,nan,0.0,0.0,0.0,none,0,0.0,0.0,nan,nan,nan,False,,nan,nan,nan,base
stealth_amp,stealth_amp,,D0,0,median,4,0.7,0.0,128,0,False,,0.8026100993156433,0.7626864004175034,0.8045912384986877,0.7655692739621655,0.0,0.0,nan,nan,nan,0.0,0.0,0.0,none,0,0.0,0.0,nan,nan,nan,False,,nan,nan,nan,base
stealth_amp,stealth_amp,,D0,0,trimmed_mean,0,0.7,0.0,128,0,False,,0.811465859413147,0.7756740033927496,0.813269853591919,0.7740408593443693,0.0,0.0,nan,nan,nan,0.0,0.0,0.0,none,0,0.0,0.0,nan,nan,nan,False,,nan,nan,nan,base
stealth_amp,stealth_amp,,D0,0,trimmed_mean,1,0.7,0.0,128,0,False,,0.8040083646774292,0.7622687588306961,0.7950727939605713,0.7485339155278646,0.0,0.0,nan,nan,nan,0.0,0.0,0.0,none,0,0.0,0.0,nan,nan,nan,False,,nan,nan,nan,base
stealth_amp,stealth_amp,,D0,0,trimmed_mean,2,0.7,0.0,128,0,False,,0.806571900844574,0.7681397011792492,0.804684579372406,0.7657881442635054,0.0,0.0,nan,nan,nan,0.0,0.0,0.0,none,0,0.0,0.0,nan,nan,nan,False,,nan,nan,nan,base
stealth_amp,stealth_amp,,D0,0,trimmed_mean,3,0.7,0.0,128,0,False,,0.8075040578842163,0.7696752652614978,0.8047779202461243,0.7624827179704878,0.0,0.0,nan,nan,nan,0.0,0.0,0.0,none,0,0.0,0.0,nan,nan,nan,False,,nan,nan,nan,base
stealth_amp,stealth_amp,,D0,0,trimmed_mean,4,0.7,0.0,128,0,False,,0.8009787797927856,0.7600054017402229,0.8030048608779907,0.7628611420861595,0.0,0.0,nan,nan,nan,0.0,0.0,0.0,none,0,0.0,0.0,nan,nan,nan,False,,nan,nan,nan,base
stealth_amp,stealth_amp,,D0,0,weighted,0,0.7,0.0,128,0,False,,0.8109997510910034,0.7747192617625112,0.8124300241470337,0.772917646352838,0.0,0.0,81.78755187988281,0.6389652490615845,0.640625,0.0,0.0,0.0,none,0,46.0,82.0,0.18666666666666665,nan,1.0,False,weighted,nan,nan,nan,base
stealth_amp,stealth_amp,,D0,0,weighted,1,0.7,0.0,128,0,False,,0.8037753701210022,0.7605581737368641,0.7941396236419678,0.7455698394894094,0.0,0.0,93.74921417236328,0.7324157357215881,0.734375,0.0,0.0,0.0,none,0,34.0,94.0,0.0,nan,1.0,False,weighted,nan,nan,nan,base
stealth_amp,stealth_amp,,D0,0,weighted,2,0.7,0.0,128,0,False,,0.8061057925224304,0.7669426710007763,0.8027248978614807,0.7630701200247785,0.0,0.0,81.73208618164062,0.6385319232940674,0.640625,0.0,0.0,0.0,none,0,46.0,82.0,0.16666666666666666,nan,1.0,False,weighted,nan,nan,nan,base
stealth_amp,stealth_amp,,D0,0,weighted,3,0.7,0.0,128,0,False,,0.8037753701210022,0.7648943989891814,0.8016983866691589,0.7585739690645598,0.0,0.0,88.71661376953125,0.6930985450744629,0.6953125,0.0,0.0,0.0,none,0,39.0,89.0,0.13333333333333333,nan,1.0,False,weighted,nan,nan,nan,base
stealth_amp,stealth_amp,,D0,0,weighted,4,0.7,0.0,128,0,False,,0.801677942276001,0.7607929066678019,0.8031914830207825,0.7630419938567531,0.0,0.0,84.79580688476562,0.6624672412872314,0.6640625,0.0,0.0,0.0,none,0,43.0,85.0,0.24666666666666667,nan,1.0,False,weighted,nan,nan,nan,base
stealth_amp,stealth_amp,,D0,0,weighted_r2only,0,0.7,0.0,128,0,False,,0.8109997510910034,0.7746187057996119,0.8123366832733154,0.7725685845537483,0.0,0.0,nan,nan,nan,0.0,0.0,0.0,none,0,0.0,0.0,nan,nan,nan,False,weighted,nan,nan,nan,base
stealth_amp,stealth_amp,,D0,0,weighted_r2only,1,0.7,0.0,128,0,False,,0.8037753701210022,0.7605581737368641,0.7940462827682495,0.7454288445172127,0.0,0.0,nan,nan,nan,0.0,0.0,0.0,none,0,0.0,0.0,nan,nan,nan,False,weighted,nan,nan,nan,base
stealth_amp,stealth_amp,,D0,0,weighted_r2only,2,0.7,0.0,128,0,False,,0.8056396842002869,0.7662750235764675,0.8024449348449707,0.7624940100740489,0.0,0.0,nan,nan,nan,0.0,0.0,0.0,none,0,0.0,0.0,nan,nan,nan,False,weighted,nan,nan,nan,base
stealth_amp,stealth_amp,,D0,0,weighted_r2only,3,0.7,0.0,128,0,False,,0.8037753701210022,0.7648943989891814,0.801978349685669,0.7588916486716044,0.0,0.0,nan,nan,nan,0.0,0.0,0.0,none,0,0.0,0.0,nan,nan,nan,False,weighted,nan,nan,nan,base
stealth_amp,stealth_amp,,D0,0,weighted_r2only,4,0.7,0.0,128,0,False,,0.801677942276001,0.7607929066678019,0.8024449348449707,0.762010978971617,0.0,0.0,nan,nan,nan,0.0,0.0,0.0,none,0,0.0,0.0,nan,nan,nan,False,weighted,nan,nan,nan,base
stealth_amp,stealth_amp,,D0,0,weighted_r4only,0,0.7,0.0,128,0,False,,0.8107666969299316,0.7742903828289822,0.8120567202568054,0.7723369080887895,0.0,0.0,81.78755187988281,0.6389652490615845,0.640625,0.0,0.0,0.0,none,0,46.0,82.0,0.18666666666666665,nan,1.0,False,weighted,nan,nan,nan,base
stealth_amp,stealth_amp,,D0,0,weighted_r4only,1,0.7,0.0,128,0,False,,0.8037753701210022,0.7605581737368641,0.7941396236419678,0.7455698394894094,0.0,0.0,93.74921417236328,0.7324157357215881,0.734375,0.0,0.0,0.0,none,0,34.0,94.0,0.0,nan,1.0,False,weighted,nan,nan,nan,base
stealth_amp,stealth_amp,,D0,0,weighted_r4only,2,0.7,0.0,128,0,False,,0.8061057925224304,0.7669426710007763,0.802818238735199,0.7631170057871344,0.0,0.0,81.73208618164062,0.6385319232940674,0.640625,0.0,0.0,0.0,none,0,46.0,82.0,0.16666666666666666,nan,1.0,False,weighted,nan,nan,nan,base
stealth_amp,stealth_amp,,D0,0,weighted_r4only,3,0.7,0.0,128,0,False,,0.8037753701210022,0.7648943989891814,0.8017917275428772,0.7587107507148325,0.0,0.0,88.71661376953125,0.6930985450744629,0.6953125,0.0,0.0,0.0,none,0,39.0,89.0,0.13333333333333333,nan,1.0,False,weighted,nan,nan,nan,base
stealth_amp,stealth_amp,,D0,0,weighted_r4only,4,0.7,0.0,128,0,False,,0.8012118339538574,0.7601191597730274,0.8027248978614807,0.7623702528852274,0.0,0.0,84.79580688476562,0.6624672412872314,0.6640625,0.0,0.0,0.0,none,0,43.0,85.0,0.24000000000000002,nan,1.0,False,weighted,nan,nan,nan,base
stealth_amp,stealth_amp,,D0,3,mean,0,0.7,0.0,128,0,False,,0.4998834729194641,0.4119890935092517,0.4983202815055847,0.4078810268063646,0.3,0.29999999999999993,nan,nan,nan,0.0,0.0,0.0,none,0,0.0,0.0,nan,nan,nan,False,,nan,nan,nan,base
stealth_amp,stealth_amp,,D0,3,mean,1,0.7,0.0,128,0,False,,0.5905383229255676,0.5723041908220647,0.5894923210144043,0.5652797068960945,0.3,0.29999999999999993,nan,nan,nan,0.0,0.0,0.0,none,0,0.0,0.0,nan,nan,nan,False,,nan,nan,nan,base
stealth_amp,stealth_amp,,D0,3,mean,2,0.7,0.0,128,0,False,,0.49801909923553467,0.46440377779334974,0.5041993260383606,0.47177407671436,0.3,0.29999999999999993,nan,nan,nan,0.0,0.0,0.0,none,0,0.0,0.0,nan,nan,nan,False,,nan,nan,nan,base
stealth_amp,stealth_amp,,D0,3,mean,3,0.7,0.0,128,0,False,,0.5411326289176941,0.4750947071530002,0.5289286971092224,0.45969258601021623,0.3,0.29999999999999993,nan,nan,nan,0.0,0.0,0.0,none,0,0.0,0.0,nan,nan,nan,False,,nan,nan,nan,base
stealth_amp,stealth_amp,,D0,3,mean,4,0.7,0.0,128,0,False,,0.5882079005241394,0.5651546519811431,0.5861328840255737,0.5616402426756977,0.3,0.29999999999999993,nan,nan,nan,0.0,0.0,0.0,none,0,0.0,0.0,nan,nan,nan,False,,nan,nan,nan,base
stealth_amp,stealth_amp,,D0,3,median,0,0.7,0.0,128,0,False,,0.8063388466835022,0.7695736672674731,0.8100037574768066,0.7701534162155579,0.3,0.29999999999999993,nan,nan,nan,0.0,0.0,0.0,none,0,0.0,0.0,nan,nan,nan,False,,nan,nan,nan,base
stealth_amp,stealth_amp,,D0,3,median,1,0.7,0.0,128,0,False,,0.8047075271606445,0.7628354862771987,0.7953527569770813,0.7484055004964641,0.3,0.29999999999999993,nan,nan,nan,0.0,0.0,0.0,none,0,0.0,0.0,nan,nan,nan,False,,nan,nan,nan,base
stealth_amp,stealth_amp,,D0,3,median,2,0.7,0.0,128,0,False,,0.8068049550056458,0.7684717002188182,0.804964542388916,0.7662729520957148,0.3,0.29999999999999993,nan,nan,nan,0.0,0.0,0.0,none,0,0.0,0.0,nan,nan,nan,False,,nan,nan,nan,base
stealth_amp,stealth_amp,,D0,3,median,3,0.7,0.0,128,0,False,,0.8040083646774292,0.765651372476333,0.8010451793670654,0.7583572298280923,0.3,0.29999999999999993,nan,nan,nan,0.0,0.0,0.0,none,0,0.0,0.0,nan,nan,nan,False,,nan,nan,nan,base
stealth_amp,stealth_amp,,D0,3,median,4,0.7,0.0,128,0,False,,0.8007457256317139,0.760002661108985,0.8035647869110107,0.7641004393891325,0.3,0.29999999999999993,nan,nan,nan,0.0,0.0,0.0,none,0,0.0,0.0,nan,nan,nan,False,,nan,nan,nan,base
stealth_amp,stealth_amp,,D0,3,trimmed_mean,0,0.7,0.0,128,0,False,,0.6975064277648926,0.6056457117282437,0.7046472430229187,0.6121581092527387,0.3,0.29999999999999993,nan,nan,nan,0.0,0.0,0.0,none,0,0.0,0.0,nan,nan,nan,False,,nan,nan,nan,base
stealth_amp,stealth_amp,,D0,3,trimmed_mean,1,0.7,0.0,128,0,False,,0.76998370885849,0.7350558015203621,0.7577454447746277,0.7160583350050609,0.3,0.29999999999999993,nan,nan,nan,0.0,0.0,0.0,none,0,0.0,0.0,nan,nan,nan,False,,nan,nan,nan,base
stealth_amp,stealth_amp,,D0,3,trimmed_mean,2,0.7,0.0,128,0,False,,0.7007690668106079,0.6921744459000583,0.7036207318305969,0.6944346771241168,0.3,0.29999999999999993,nan,nan,nan,0.0,0.0,0.0,none,0,0.0,0.0,nan,nan,nan,False,,nan,nan,nan,base
stealth_amp,stealth_amp,,D0,3,trimmed_mean,3,0.7,0.0,128,0,False,,0.7357259392738342,0.6829285552310014,0.7385218143463135,0.6836787191730682,0.3,0.29999999999999993,nan,nan,nan,0.0,0.0,0.0,none,0,0.0,0.0,nan,nan,nan,False,,nan,nan,nan,base
stealth_amp,stealth_amp,,D0,3,trimmed_mean,4,0.7,0.0,128,0,False,,0.8002796769142151,0.7529600195402913,0.8002986311912537,0.7504342107623925,0.3,0.29999999999999993,nan,nan,nan,0.0,0.0,0.0,none,0,0.0,0.0,nan,nan,nan,False,,nan,nan,nan,base
stealth_amp,stealth_amp,,D0,3,weighted,0,0.7,0.0,128,0,False,,0.8105337023735046,0.7748635612705612,0.8122434020042419,0.772990770790501,9.320840386596048e-11,0.01239718614984867,81.78755187988281,0.6389652490615845,0.640625,0.0,0.0,0.0,none,0,46.0,82.0,0.18095238095238095,0.0,0.9876028138501514,False,weighted,nan,nan,nan,base
stealth_amp,stealth_amp,,D0,3,weighted,1,0.7,0.0,128,0,False,,0.804241418838501,0.7617011351262453,0.7960059642791748,0.7483322260387757,1.896472001991484e-10,0.022322788183640415,93.74921417236328,0.7324157357215881,0.734375,0.0,0.0,0.0,none,0,34.0,94.0,0.0,0.0,0.9776772118163595,False,weighted,nan,nan,nan,base
stealth_amp,stealth_amp,,D0,3,weighted,2,0.7,0.0,128,0,False,,0.8086693286895752,0.770914020227083,0.804684579372406,0.7658735194594894,1.7361097980368225e-11,0.014160901108169609,81.73208618164062,0.6385319232940674,0.640625,0.0,0.0,0.0,none,0,46.0,82.0,0.18095238095238095,0.0,0.9858390988918304,False,weighted,nan,nan,nan,base
stealth_amp,stealth_amp,,D0,3,weighted,3,0.7,0.0,128,0,False,,0.809135377407074,0.7715755282661478,0.8071108460426331,0.7648014484761367,1.2989651803496397e-09,0.016202632657083587,88.71661376953125,0.6930985450744629,0.6953125,0.0,0.0,0.0,none,0,39.0,89.0,0.14285714285714285,0.0,0.9837973673429165,False,weighted,nan,nan,nan,base
stealth_amp,stealth_amp,,D0,3,weighted,4,0.7,0.0,128,0,False,,0.801677942276001,0.7610148339163055,0.8026315569877625,0.7624995793972279,4.513317299292221e-11,0.016311936878085822,84.79580688476562,0.6624672412872314,0.6640625,0.0,0.0,0.0,none,0,43.0,85.0,0.23809523809523808,0.0,0.9836880631219143,False,weighted,nan,nan,nan,base
stealth_amp,stealth_amp,,D0,3,weighted_r2only,0,0.7,0.0,128,0,False,,0.4998834729194641,0.4119890935092517,0.4983202815055847,0.4078810268063646,0.3,0.29999999999999993,nan,nan,nan,0.0,0.0,0.0,none,0,0.0,0.0,nan,nan,nan,False,weighted,nan,nan,nan,base
stealth_amp,stealth_amp,,D0,3,weighted_r2only,1,0.7,0.0,128,0,False,,0.5905383229255676,0.5723041908220647,0.5894923210144043,0.5652797068960945,0.3,0.29999999999999993,nan,nan,nan,0.0,0.0,0.0,none,0,0.0,0.0,nan,nan,nan,False,weighted,nan,nan,nan,base
stealth_amp,stealth_amp,,D0,3,weighted_r2only,2,0.7,0.0,128,0,False,,0.49801909923553467,0.46440377779334974,0.5041993260383606,0.47177407671436,0.3,0.29999999999999993,nan,nan,nan,0.0,0.0,0.0,none,0,0.0,0.0,nan,nan,nan,False,weighted,nan,nan,nan,base
stealth_amp,stealth_amp,,D0,3,weighted_r2only,3,0.7,0.0,128,0,False,,0.5411326289176941,0.4750947071530002,0.5289286971092224,0.45969258601021623,0.3,0.29999999999999993,nan,nan,nan,0.0,0.0,0.0,none,0,0.0,0.0,nan,nan,nan,False,weighted,nan,nan,nan,base
stealth_amp,stealth_amp,,D0,3,weighted_r2only,4,0.7,0.0,128,0,False,,0.5882079005241394,0.5651546519811431,0.5861328840255737,0.5616402426756977,0.3,0.29999999999999993,nan,nan,nan,0.0,0.0,0.0,none,0,0.0,0.0,nan,nan,nan,False,weighted,nan,nan,nan,base
stealth_amp,stealth_amp,,D0,3,weighted_r4only,0,0.7,0.0,128,0,False,,0.8098345398902893,0.7743802547535956,0.8119634389877319,0.7730136788941491,1.2991618458573788e-07,0.018226115311002076,81.78755187988281,0.6389652490615845,0.640625,0.0,0.0,0.0,none,0,46.0,82.0,0.14285714285714285,0.0,0.981773884688998,False,weighted,nan,nan,nan,base
stealth_amp,stealth_amp,,D0,3,weighted_r4only,1,0.7,0.0,128,0,False,,0.804241418838501,0.7622694611847827,0.7964725494384766,0.7493840840117295,1.6806010152004316e-07,0.02255564698963874,93.74921417236328,0.7324157357215881,0.734375,0.0,0.0,0.0,none,0,34.0,94.0,0.0,0.0,0.9774443530103614,False,weighted,nan,nan,nan,base
stealth_amp,stealth_amp,,D0,3,weighted_r4only,2,0.7,0.0,128,0,False,,0.8084362745285034,0.7707906392795973,0.804404616355896,0.765644608752144,2.437960204532416e-08,0.017310507464394855,81.73208618164062,0.6385319232940674,0.640625,0.0,0.0,0.0,none,0,46.0,82.0,0.18095238095238095,0.0,0.9826894925356052,False,weighted,nan,nan,nan,base
stealth_amp,stealth_amp,,D0,3,weighted_r4only,3,0.7,0.0,128,0,False,,0.8093684315681458,0.7712835610042369,0.8066442608833313,0.7642097500869648,1.6082809538219396e-06,0.022011513889121877,88.71661376953125,0.6930985450744629,0.6953125,0.0,0.0,0.0,none,0,39.0,89.0,0.1904761904761905,0.0,0.977988486110878,False,weighted,nan,nan,nan,base
stealth_amp,stealth_amp,,D0,3,weighted_r4only,4,0.7,0.0,128,0,False,,0.8026100993156433,0.7621381484454862,0.802818238735199,0.7626364723960473,7.352486597760463e-08,0.018923288970155317,84.79580688476562,0.6624672412872314,0.6640625,0.0,0.0,0.0,none,0,43.0,85.0,0.23809523809523808,0.0,0.9810767110298447,False,weighted,nan,nan,nan,base
stealth_amp,stealth_amp,,D0,5,mean,0,0.7,0.0,128,0,False,,0.5229550004005432,0.40813119108968116,0.5189436078071594,0.40186631938521905,0.5,0.5,nan,nan,nan,0.0,0.0,0.0,none,0,0.0,0.0,nan,nan,nan,False,,nan,nan,nan,base
stealth_amp,stealth_amp,,D0,5,mean,1,0.7,0.0,128,0,False,,0.5861104726791382,0.5371971091150369,0.5864128470420837,0.5291863114488445,0.5,0.5,nan,nan,nan,0.0,0.0,0.0,none,0,0.0,0.0,nan,nan,nan,False,,nan,nan,nan,base
stealth_amp,stealth_amp,,D0,5,mean,2,0.7,0.0,128,0,False,,0.6066185235977173,0.4174983208216693,0.6082493662834167,0.41472344115313764,0.5,0.5,nan,nan,nan,0.0,0.0,0.0,none,0,0.0,0.0,nan,nan,nan,False,,nan,nan,nan,base
stealth_amp,stealth_amp,,D0,5,mean,3,0.7,0.0,128,0,False,,0.6327196359634399,0.5272204492851578,0.6445502042770386,0.5355669535050218,0.5,0.5,nan,nan,nan,0.0,0.0,0.0,none,0,0.0,0.0,nan,nan,nan,False,,nan,nan,nan,base
stealth_amp,stealth_amp,,D0,5,mean,4,0.7,0.0,128,0,False,,0.5861104726791382,0.5845258672007362,0.5841732025146484,0.5826281118220769,0.5,0.5,nan,nan,nan,0.0,0.0,0.0,none,0,0.0,0.0,nan,nan,nan,False,,nan,nan,nan,base
stealth_amp,stealth_amp,,D0,5,median,0,0.7,0.0,128,0,False,,0.7916569709777832,0.7823132656461024,0.7986189126968384,0.7889469602228201,0.5,0.5,nan,nan,nan,0.0,0.0,0.0,none,0,0.0,0.0,nan,nan,nan,False,,nan,nan,nan,base
stealth_amp,stealth_amp,,D0,5,median,1,0.7,0.0,128,0,False,,0.7576322555541992,0.70073578128766,0.7496267557144165,0.688564062047428,0.5,0.5,nan,nan,nan,0.0,0.0,0.0,none,0,0.0,0.0,nan,nan,nan,False,,nan,nan,nan,base
stealth_amp,stealth_amp,,D0,5,median,2,0.7,0.0,128,0,False,,0.7196457982063293,0.6888476985267189,0.7060470581054688,0.6745016766985897,0.5,0.5,nan,nan,nan,0.0,0.0,0.0,none,0,0.0,0.0,nan,nan,nan,False,,nan,nan,nan,base
stealth_amp,stealth_amp,,D0,5,median,3,0.7,0.0,128,0,False,,0.7399207353591919,0.6777300595656308,0.7398282885551453,0.6754053113816146,0.5,0.5,nan,nan,nan,0.0,0.0,0.0,none,0,0.0,0.0,nan,nan,nan,False,,nan,nan,nan,base
stealth_amp,stealth_amp,,D0,5,median,4,0.7,0.0,128,0,False,,0.7848986387252808,0.734602640696517,0.7881672382354736,0.7387662255984012,0.5,0.5,nan,nan,nan,0.0,0.0,0.0,none,0,0.0,0.0,nan,nan,nan,False,,nan,nan,nan,base
stealth_amp,stealth_amp,,D0,5,trimmed_mean,0,0.7,0.0,128,0,False,,0.5399673581123352,0.413430520214989,0.543113112449646,0.415181507791886,0.5,0.5,nan,nan,nan,0.0,0.0,0.0,none,0,0.0,0.0,nan,nan,nan,False,,nan,nan,nan,base
stealth_amp,stealth_amp,,D0,5,trimmed_mean,1,0.7,0.0,128,0,False,,0.6674435138702393,0.5010463896558544,0.6735722422599792,0.5031502901202564,0.5,0.5,nan,nan,nan,0.0,0.0,0.0,none,0,0.0,0.0,nan,nan,nan,False,,nan,nan,nan,base
stealth_amp,stealth_amp,,D0,5,trimmed_mean,2,0.7,0.0,128,0,False,,0.5823817253112793,0.4513504982274709,0.5768943428993225,0.4487913224893838,0.5,0.5,nan,nan,nan,0.0,0.0,0.0,none,0,0.0,0.0,nan,nan,nan,False,,nan,nan,nan,base
stealth_amp,stealth_amp,,D0,5,trimmed_mean,3,0.7,0.0,128,0,False,,0.525518536567688,0.5173271013575091,0.5378872752189636,0.5290981153850303,0.5,0.5,nan,nan,nan,0.0,0.0,0.0,none,0,0.0,0.0,nan,nan,nan,False,,nan,nan,nan,base
stealth_amp,stealth_amp,,D0,5,trimmed_mean,4,0.7,0.0,128,0,False,,0.601025402545929,0.5895659278669079,0.5904255509376526,0.5804175172088519,0.5,0.5,nan,nan,nan,0.0,0.0,0.0,none,0,0.0,0.0,nan,nan,nan,False,,nan,nan,nan,base
stealth_amp,stealth_amp,,D0,5,weighted,0,0.7,0.0,128,0,False,,0.809135377407074,0.7738970066671211,0.8100970387458801,0.770803483713912,3.078613845712877e-10,0.02300244152078754,81.78755187988281,0.6389652490615845,0.640625,0.0,0.0,0.0,none,0,46.0,82.0,0.17333333333333334,0.0,0.9769975584792124,False,weighted,nan,nan,nan,base
stealth_amp,stealth_amp,,D0,5,weighted,1,0.7,0.0,128,0,False,,0.8086693286895752,0.7714303714095615,0.8029115200042725,0.7613040333491645,3.957099791662317e-10,0.044237090807479985,93.74921417236328,0.7324157357215881,0.734375,0.0,0.0,0.0,none,0,34.0,94.0,0.04,0.0,0.9557629091925202,False,weighted,nan,nan,nan,base
stealth_amp,stealth_amp,,D0,5,weighted,2,0.7,0.0,128,0,False,,0.8093684315681458,0.7721117982737579,0.8048712015151978,0.7665216120942953,3.7522794691688276e-10,0.025509119589919863,81.73208618164062,0.6385319232940674,0.640625,0.0,0.0,0.0,none,0,46.0,82.0,0.18666666666666665,0.0,0.97449088041008,False,weighted,nan,nan,nan,base
stealth_amp,stealth_amp,,D0,5,weighted,3,0.7,0.0,128,0,False,,0.8063388466835022,0.7694714742180992,0.8011384606361389,0.7589517334107521,2.0541992730757588e-10,0.025382357909165112,88.71661376953125,0.6930985450744629,0.6953125,0.0,0.0,0.0,none,0,39.0,89.0,0.12000000000000001,0.0,0.9746176420908349,False,weighted,nan,nan,nan,base
stealth_amp,stealth_amp,,D0,5,weighted,4,0.7,0.0,128,0,False,,0.8005126714706421,0.7586555818024208,0.801978349685669,0.7611162479696765,4.639581154074088e-10,0.02877992609632183,84.79580688476562,0.6624672412872314,0.6640625,0.0,0.0,0.0,none,0,43.0,85.0,0.24000000000000002,0.0,0.9712200739036779,False,weighted,nan,nan,nan,base
stealth_amp,stealth_amp,,D0,5,weighted_r2only,0,0.7,0.0,128,0,False,,0.5229550004005432,0.40813119108968116,0.5189436078071594,0.40186631938521905,0.5,0.5,nan,nan,nan,0.0,0.0,0.0,none,0,0.0,0.0,nan,nan,nan,False,weighted,nan,nan,nan,base
stealth_amp,stealth_amp,,D0,5,weighted_r2only,1,0.7,0.0,128,0,False,,0.5861104726791382,0.5371971091150369,0.5864128470420837,0.5291863114488445,0.5,0.5,nan,nan,nan,0.0,0.0,0.0,none,0,0.0,0.0,nan,nan,nan,False,weighted,nan,nan,nan,base
stealth_amp,stealth_amp,,D0,5,weighted_r2only,2,0.7,0.0,128,0,False,,0.6066185235977173,0.4174983208216693,0.6082493662834167,0.41472344115313764,0.5,0.5,nan,nan,nan,0.0,0.0,0.0,none,0,0.0,0.0,nan,nan,nan,False,weighted,nan,nan,nan,base
stealth_amp,stealth_amp,,D0,5,weighted_r2only,3,0.7,0.0,128,0,False,,0.6327196359634399,0.5272204492851578,0.6445502042770386,0.5355669535050218,0.5,0.5,nan,nan,nan,0.0,0.0,0.0,none,0,0.0,0.0,nan,nan,nan,False,weighted,nan,nan,nan,base
stealth_amp,stealth_amp,,D0,5,weighted_r2only,4,0.7,0.0,128,0,False,,0.5861104726791382,0.5845258672007362,0.5841732025146484,0.5826281118220769,0.5,0.5,nan,nan,nan,0.0,0.0,0.0,none,0,0.0,0.0,nan,nan,nan,False,weighted,nan,nan,nan,base
stealth_amp,stealth_amp,,D0,5,weighted_r4only,0,0.7,0.0,128,0,False,,0.8100675940513611,0.7746073264174744,0.8124300241470337,0.7734711546223101,4.1160866852756225e-07,0.030402170279255274,81.78755187988281,0.6389652490615845,0.640625,0.0,0.0,0.0,none,0,46.0,82.0,0.17333333333333334,0.0,0.9695978297207446,False,weighted,nan,nan,nan,base
stealth_amp,stealth_amp,,D0,5,weighted_r4only,1,0.7,0.0,128,0,False,,0.808902382850647,0.7713483262886505,0.8044979572296143,0.7631582786911175,4.2688291738798785e-07,0.04517460721583444,93.74921417236328,0.7324157357215881,0.734375,0.0,0.0,0.0,none,0,34.0,94.0,0.04,0.0,0.9548253927841656,False,weighted,nan,nan,nan,base
stealth_amp,stealth_amp,,D0,5,weighted_r4only,2,0.7,0.0,128,0,False,,0.8093684315681458,0.771699381161933,0.8062710165977478,0.7676692939195311,5.024740413701567e-07,0.03339572012784937,81.73208618164062,0.6385319232940674,0.640625,0.0,0.0,0.0,none,0,46.0,82.0,0.18666666666666665,0.0,0.9666042798721507,False,weighted,nan,nan,nan,base
stealth_amp,stealth_amp,,D0,5,weighted_r4only,3,0.7,0.0,128,0,False,,0.8077371120452881,0.7720415825975576,0.804684579372406,0.7642711014315706,2.0173313273112774e-07,0.036606114976854655,88.71661376953125,0.6930985450744629,0.6953125,0.0,0.0,0.0,none,0,39.0,89.0,0.2,0.0,0.9633938850231452,False,weighted,nan,nan,nan,base
stealth_amp,stealth_amp,,D0,5,weighted_r4only,4,0.7,0.0,128,0,False,,0.8002796769142151,0.7584303500941221,0.8009518384933472,0.759631407794247,7.489772492308824e-07,0.03231055080175956,84.79580688476562,0.6624672412872314,0.6640625,0.0,0.0,0.0,none,0,43.0,85.0,0.2533333333333333,0.0,0.9676894491982403,False,weighted,nan,nan,nan,base
dt_logit_scale,dt_logit_scale,,D0,0,mean,0,0.7,0.0,128,0,False,,0.8109997510910034,0.7746187057996119,0.8123366832733154,0.7725685845537483,0.0,0.0,nan,nan,nan,0.0,0.0,0.0,none,0,0.0,0.0,nan,nan,nan,False,,nan,nan,nan,base
dt_logit_scale,dt_logit_scale,,D0,0,mean,1,0.7,0.0,128,0,False,,0.8037753701210022,0.7605581737368641,0.7940462827682495,0.7454288445172127,0.0,0.0,nan,nan,nan,0.0,0.0,0.0,none,0,0.0,0.0,nan,nan,nan,False,,nan,nan,nan,base
dt_logit_scale,dt_logit_scale,,D0,0,mean,2,0.7,0.0,128,0,False,,0.8056396842002869,0.7662750235764675,0.8024449348449707,0.7624940100740489,0.0,0.0,nan,nan,nan,0.0,0.0,0.0,none,0,0.0,0.0,nan,nan,nan,False,,nan,nan,nan,base
dt_logit_scale,dt_logit_scale,,D0,0,mean,3,0.7,0.0,128,0,False,,0.8037753701210022,0.7648943989891814,0.801978349685669,0.7588916486716044,0.0,0.0,nan,nan,nan,0.0,0.0,0.0,none,0,0.0,0.0,nan,nan,nan,False,,nan,nan,nan,base
dt_logit_scale,dt_logit_scale,,D0,0,mean,4,0.7,0.0,128,0,False,,0.801677942276001,0.7607929066678019,0.8024449348449707,0.762010978971617,0.0,0.0,nan,nan,nan,0.0,0.0,0.0,none,0,0.0,0.0,nan,nan,nan,False,,nan,nan,nan,base
dt_logit_scale,dt_logit_scale,,D0,0,median,0,0.7,0.0,128,0,False,,0.8082032203674316,0.7713858846246026,0.8122434020042419,0.7728200809728095,0.0,0.0,nan,nan,nan,0.0,0.0,0.0,none,0,0.0,0.0,nan,nan,nan,False,,nan,nan,nan,base
dt_logit_scale,dt_logit_scale,,D0,0,median,1,0.7,0.0,128,0,False,,0.8040083646774292,0.7628290368052894,0.7953527569770813,0.7491982278334285,0.0,0.0,nan,nan,nan,0.0,0.0,0.0,none,0,0.0,0.0,nan,nan,nan,False,,nan,nan,nan,base
dt_logit_scale,dt_logit_scale,,D0,0,median,2,0.7,0.0,128,0,False,,0.8082032203674316,0.770147417708184,0.8060843348503113,0.7676572027609476,0.0,0.0,nan,nan,nan,0.0,0.0,0.0,none,0,0.0,0.0,nan,nan,nan,False,,nan,nan,nan,base
dt_logit_scale,dt_logit_scale,,D0,0,median,3,0.7,0.0,128,0,False,,0.8070380091667175,0.7696367300251079,0.804684579372406,0.7626190849014483,0.0,0.0,nan,nan,nan,0.0,0.0,0.0,none,0,0.0,0.0,nan,nan,nan,False,,nan,nan,nan,base
dt_logit_scale,dt_logit_scale,,D0,0,median,4,0.7,0.0,128,0,False,,0.8026100993156433,0.7626864004175034,0.8045912384986877,0.7655692739621655,0.0,0.0,nan,nan,nan,0.0,0.0,0.0,none,0,0.0,0.0,nan,nan,nan,False,,nan,nan,nan,base
dt_logit_scale,dt_logit_scale,,D0,0,trimmed_mean,0,0.7,0.0,128,0,False,,0.811465859413147,0.7756740033927496,0.813269853591919,0.7740408593443693,0.0,0.0,nan,nan,nan,0.0,0.0,0.0,none,0,0.0,0.0,nan,nan,nan,False,,nan,nan,nan,base
dt_logit_scale,dt_logit_scale,,D0,0,trimmed_mean,1,0.7,0.0,128,0,False,,0.8040083646774292,0.7622687588306961,0.7950727939605713,0.7485339155278646,0.0,0.0,nan,nan,nan,0.0,0.0,0.0,none,0,0.0,0.0,nan,nan,nan,False,,nan,nan,nan,base
dt_logit_scale,dt_logit_scale,,D0,0,trimmed_mean,2,0.7,0.0,128,0,False,,0.806571900844574,0.7681397011792492,0.804684579372406,0.7657881442635054,0.0,0.0,nan,nan,nan,0.0,0.0,0.0,none,0,0.0,0.0,nan,nan,nan,False,,nan,nan,nan,base
dt_logit_scale,dt_logit_scale,,D0,0,trimmed_mean,3,0.7,0.0,128,0,False,,0.8075040578842163,0.7696752652614978,0.8047779202461243,0.7624827179704878,0.0,0.0,nan,nan,nan,0.0,0.0,0.0,none,0,0.0,0.0,nan,nan,nan,False,,nan,nan,nan,base
dt_logit_scale,dt_logit_scale,,D0,0,trimmed_mean,4,0.7,0.0,128,0,False,,0.8009787797927856,0.7600054017402229,0.8030048608779907,0.7628611420861595,0.0,0.0,nan,nan,nan,0.0,0.0,0.0,none,0,0.0,0.0,nan,nan,nan,False,,nan,nan,nan,base
dt_logit_scale,dt_logit_scale,,D0,0,weighted,0,0.7,0.0,128,0,False,,0.8109997510910034,0.7747192617625112,0.8124300241470337,0.772917646352838,0.0,0.0,81.78755187988281,0.6389652490615845,0.640625,0.0,0.0,0.0,none,0,46.0,82.0,0.18666666666666665,nan,1.0,False,weighted,nan,nan,nan,base
dt_logit_scale,dt_logit_scale,,D0,0,weighted,1,0.7,0.0,128,0,False,,0.8037753701210022,0.7605581737368641,0.7941396236419678,0.7455698394894094,0.0,0.0,93.74921417236328,0.7324157357215881,0.734375,0.0,0.0,0.0,none,0,34.0,94.0,0.0,nan,1.0,False,weighted,nan,nan,nan,base
dt_logit_scale,dt_logit_scale,,D0,0,weighted,2,0.7,0.0,128,0,False,,0.8061057925224304,0.7669426710007763,0.8027248978614807,0.7630701200247785,0.0,0.0,81.73208618164062,0.6385319232940674,0.640625,0.0,0.0,0.0,none,0,46.0,82.0,0.16666666666666666,nan,1.0,False,weighted,nan,nan,nan,base
dt_logit_scale,dt_logit_scale,,D0,0,weighted,3,0.7,0.0,128,0,False,,0.8037753701210022,0.7648943989891814,0.8016983866691589,0.7585739690645598,0.0,0.0,88.71661376953125,0.6930985450744629,0.6953125,0.0,0.0,0.0,none,0,39.0,89.0,0.13333333333333333,nan,1.0,False,weighted,nan,nan,nan,base
dt_logit_scale,dt_logit_scale,,D0,0,weighted,4,0.7,0.0,128,0,False,,0.801677942276001,0.7607929066678019,0.8031914830207825,0.7630419938567531,0.0,0.0,84.79580688476562,0.6624672412872314,0.6640625,0.0,0.0,0.0,none,0,43.0,85.0,0.24666666666666667,nan,1.0,False,weighted,nan,nan,nan,base
dt_logit_scale,dt_logit_scale,,D0,0,weighted_r2only,0,0.7,0.0,128,0,False,,0.8109997510910034,0.7746187057996119,0.8123366832733154,0.7725685845537483,0.0,0.0,nan,nan,nan,0.0,0.0,0.0,none,0,0.0,0.0,nan,nan,nan,False,weighted,nan,nan,nan,base
dt_logit_scale,dt_logit_scale,,D0,0,weighted_r2only,1,0.7,0.0,128,0,False,,0.8037753701210022,0.7605581737368641,0.7940462827682495,0.7454288445172127,0.0,0.0,nan,nan,nan,0.0,0.0,0.0,none,0,0.0,0.0,nan,nan,nan,False,weighted,nan,nan,nan,base
dt_logit_scale,dt_logit_scale,,D0,0,weighted_r2only,2,0.7,0.0,128,0,False,,0.8056396842002869,0.7662750235764675,0.8024449348449707,0.7624940100740489,0.0,0.0,nan,nan,nan,0.0,0.0,0.0,none,0,0.0,0.0,nan,nan,nan,False,weighted,nan,nan,nan,base
dt_logit_scale,dt_logit_scale,,D0,0,weighted_r2only,3,0.7,0.0,128,0,False,,0.8037753701210022,0.7648943989891814,0.801978349685669,0.7588916486716044,0.0,0.0,nan,nan,nan,0.0,0.0,0.0,none,0,0.0,0.0,nan,nan,nan,False,weighted,nan,nan,nan,base
dt_logit_scale,dt_logit_scale,,D0,0,weighted_r2only,4,0.7,0.0,128,0,False,,0.801677942276001,0.7607929066678019,0.8024449348449707,0.762010978971617,0.0,0.0,nan,nan,nan,0.0,0.0,0.0,none,0,0.0,0.0,nan,nan,nan,False,weighted,nan,nan,nan,base
dt_logit_scale,dt_logit_scale,,D0,0,weighted_r4only,0,0.7,0.0,128,0,False,,0.8107666969299316,0.7742903828289822,0.8120567202568054,0.7723369080887895,0.0,0.0,81.78755187988281,0.6389652490615845,0.640625,0.0,0.0,0.0,none,0,46.0,82.0,0.18666666666666665,nan,1.0,False,weighted,nan,nan,nan,base
dt_logit_scale,dt_logit_scale,,D0,0,weighted_r4only,1,0.7,0.0,128,0,False,,0.8037753701210022,0.7605581737368641,0.7941396236419678,0.7455698394894094,0.0,0.0,93.74921417236328,0.7324157357215881,0.734375,0.0,0.0,0.0,none,0,34.0,94.0,0.0,nan,1.0,False,weighted,nan,nan,nan,base
dt_logit_scale,dt_logit_scale,,D0,0,weighted_r4only,2,0.7,0.0,128,0,False,,0.8061057925224304,0.7669426710007763,0.802818238735199,0.7631170057871344,0.0,0.0,81.73208618164062,0.6385319232940674,0.640625,0.0,0.0,0.0,none,0,46.0,82.0,0.16666666666666666,nan,1.0,False,weighted,nan,nan,nan,base
dt_logit_scale,dt_logit_scale,,D0,0,weighted_r4only,3,0.7,0.0,128,0,False,,0.8037753701210022,0.7648943989891814,0.8017917275428772,0.7587107507148325,0.0,0.0,88.71661376953125,0.6930985450744629,0.6953125,0.0,0.0,0.0,none,0,39.0,89.0,0.13333333333333333,nan,1.0,False,weighted,nan,nan,nan,base
dt_logit_scale,dt_logit_scale,,D0,0,weighted_r4only,4,0.7,0.0,128,0,False,,0.8012118339538574,0.7601191597730274,0.8027248978614807,0.7623702528852274,0.0,0.0,84.79580688476562,0.6624672412872314,0.6640625,0.0,0.0,0.0,none,0,43.0,85.0,0.24000000000000002,nan,1.0,False,weighted,nan,nan,nan,base
dt_logit_scale,dt_logit_scale,,D0,3,mean,0,0.7,0.0,128,0,False,,0.7268701791763306,0.6254353366112164,0.7320828437805176,0.6280649597318553,0.3,0.29999999999999993,nan,nan,nan,0.0,0.0,0.0,none,0,0.0,0.0,nan,nan,nan,False,,nan,nan,nan,base
dt_logit_scale,dt_logit_scale,,D0,3,mean,1,0.7,0.0,128,0,False,,0.7932882905006409,0.7434023705354681,0.7843411564826965,0.7262919380195378,0.3,0.29999999999999993,nan,nan,nan,0.0,0.0,0.0,none,0,0.0,0.0,nan,nan,nan,False,,nan,nan,nan,base
dt_logit_scale,dt_logit_scale,,D0,3,mean,2,0.7,0.0,128,0,False,,0.7452808022499084,0.6479762848782447,0.7422545552253723,0.6397566699119346,0.3,0.29999999999999993,nan,nan,nan,0.0,0.0,0.0,none,0,0.0,0.0,nan,nan,nan,False,,nan,nan,nan,base
dt_logit_scale,dt_logit_scale,,D0,3,mean,3,0.7,0.0,128,0,False,,0.7597296833992004,0.6866729034322887,0.7629712820053101,0.6861371739942758,0.3,0.29999999999999993,nan,nan,nan,0.0,0.0,0.0,none,0,0.0,0.0,nan,nan,nan,False,,nan,nan,nan,base
dt_logit_scale,dt_logit_scale,,D0,3,mean,4,0.7,0.0,128,0,False,,0.7897925972938538,0.7327087553978602,0.7899402976036072,0.7309716795671666,0.3,0.29999999999999993,nan,nan,nan,0.0,0.0,0.0,none,0,0.0,0.0,nan,nan,nan,False,,nan,nan,nan,base
dt_logit_scale,dt_logit_scale,,D0,3,median,0,0.7,0.0,128,0,False,,0.806571900844574,0.7695953866412656,0.8109369277954102,0.7710236607790555,0.3,0.29999999999999993,nan,nan,nan,0.0,0.0,0.0,none,0,0.0,0.0,nan,nan,nan,False,,nan,nan,nan,base
dt_logit_scale,dt_logit_scale,,D0,3,median,1,0.7,0.0,128,0,False,,0.8063388466835022,0.7640845329001611,0.7967525124549866,0.7490014344031358,0.3,0.29999999999999993,nan,nan,nan,0.0,0.0,0.0,none,0,0.0,0.0,nan,nan,nan,False,,nan,nan,nan,base
dt_logit_scale,dt_logit_scale,,D0,3,median,2,0.7,0.0,128,0,False,,0.8070380091667175,0.7680631389286547,0.804404616355896,0.7651735960554589,0.3,0.29999999999999993,nan,nan,nan,0.0,0.0,0.0,none,0,0.0,0.0,nan,nan,nan,False,,nan,nan,nan,base
dt_logit_scale,dt_logit_scale,,D0,3,median,3,0.7,0.0,128,0,False,,0.8047075271606445,0.7665399596007586,0.8024449348449707,0.7599429215857401,0.3,0.29999999999999993,nan,nan,nan,0.0,0.0,0.0,none,0,0.0,0.0,nan,nan,nan,False,,nan,nan,nan,base
dt_logit_scale,dt_logit_scale,,D0,3,median,4,0.7,0.0,128,0,False,,0.8021440505981445,0.7619068968430793,0.802818238735199,0.763073500510945,0.3,0.29999999999999993,nan,nan,nan,0.0,0.0,0.0,none,0,0.0,0.0,nan,nan,nan,False,,nan,nan,nan,base
dt_logit_scale,dt_logit_scale,,D0,3,trimmed_mean,0,0.7,0.0,128,0,False,,0.7860638499259949,0.7347723309963645,0.7968458533287048,0.7465150801676408,0.3,0.29999999999999993,nan,nan,nan,0.0,0.0,0.0,none,0,0.0,0.0,nan,nan,nan,False,,nan,nan,nan,base
dt_logit_scale,dt_logit_scale,,D0,3,trimmed_mean,1,0.7,0.0,128,0,False,,0.8103006482124329,0.7729186820611953,0.8054311275482178,0.7633907680431022,0.3,0.29999999999999993,nan,nan,nan,0.0,0.0,0.0,none,0,0.0,0.0,nan,nan,nan,False,,nan,nan,nan,base
dt_logit_scale,dt_logit_scale,,D0,3,trimmed_mean,2,0.7,0.0,128,0,False,,0.7949196100234985,0.7456219062319184,0.7878872752189636,0.7356657991742614,0.3,0.29999999999999993,nan,nan,nan,0.0,0.0,0.0,none,0,0.0,0.0,nan,nan,nan,False,,nan,nan,nan,base
dt_logit_scale,dt_logit_scale,,D0,3,trimmed_mean,3,0.7,0.0,128,0,False,,0.8084362745285034,0.7692123177419925,0.8063642978668213,0.7624131482307186,0.3,0.29999999999999993,nan,nan,nan,0.0,0.0,0.0,none,0,0.0,0.0,nan,nan,nan,False,,nan,nan,nan,base
dt_logit_scale,dt_logit_scale,,D0,3,trimmed_mean,4,0.7,0.0,128,0,False,,0.8170589804649353,0.7894434003744925,0.8114035129547119,0.7828976676414559,0.3,0.29999999999999993,nan,nan,nan,0.0,0.0,0.0,none,0,0.0,0.0,nan,nan,nan,False,,nan,nan,nan,base
dt_logit_scale,dt_logit_scale,,D0,3,weighted,0,0.7,0.0,128,0,False,,0.8123980164527893,0.7779553874975712,0.8151362538337708,0.7773823210185973,0.07362394108042528,0.0781038926619926,81.78755187988281,0.6389652490615845,0.640625,0.0,0.0,0.0,none,0,46.0,82.0,0.26666666666666666,0.04444444444444444,0.9218961073380074,False,weighted,nan,nan,nan,base
dt_logit_scale,dt_logit_scale,,D0,3,weighted,1,0.7,0.0,128,0,False,,0.804241418838501,0.7645935489259442,0.7960993051528931,0.7515662008791112,0.14319671912745052,0.1767374016322782,93.74921417236328,0.7324157357215881,0.734375,0.0,0.0,0.0,none,0,34.0,94.0,0.05714285714285714,0.0,0.8232625983677218,False,weighted,nan,nan,nan,base
dt_logit_scale,dt_logit_scale,,D0,3,weighted,2,0.7,0.0,128,0,False,,0.8133302330970764,0.7772982397821124,0.8129899501800537,0.7766995233947672,0.08613027160845249,0.10272161638315883,81.73208618164062,0.6385319232940674,0.640625,0.0,0.0,0.0,none,0,46.0,82.0,0.26666666666666666,0.06666666666666667,0.8972783836168413,False,weighted,nan,nan,nan,base
dt_logit_scale,dt_logit_scale,,D0,3,weighted,3,0.7,0.0,128,0,False,,0.8109997510910034,0.7734988526869172,0.8080440759658813,0.7653030743808458,0.07735528116038243,0.15428181507486485,88.71661376953125,0.6930985450744629,0.6953125,0.0,0.0,0.0,none,0,39.0,89.0,0.13333333333333333,0.0,0.845718184925135,False,weighted,nan,nan,nan,base
dt_logit_scale,dt_logit_scale,,D0,3,weighted,4,0.7,0.0,128,0,False,,0.8214868307113647,0.8057595391512704,0.8177491426467896,0.8012560828339945,0.08555017474083812,0.1275500811281986,84.79580688476562,0.6624672412872314,0.6640625,0.0,0.0,0.0,none,0,43.0,85.0,0.3333333333333333,0.26666666666666666,0.8724499188718012,False,weighted,nan,nan,nan,base
dt_logit_scale,dt_logit_scale,,D0,3,weighted_r2only,0,0.7,0.0,128,0,False,,0.7268701791763306,0.6254353366112164,0.7320828437805176,0.6280649597318553,0.3,0.29999999999999993,nan,nan,nan,0.0,0.0,0.0,none,0,0.0,0.0,nan,nan,nan,False,weighted,nan,nan,nan,base
dt_logit_scale,dt_logit_scale,,D0,3,weighted_r2only,1,0.7,0.0,128,0,False,,0.7932882905006409,0.7434023705354681,0.7843411564826965,0.7262919380195378,0.3,0.29999999999999993,nan,nan,nan,0.0,0.0,0.0,none,0,0.0,0.0,nan,nan,nan,False,weighted,nan,nan,nan,base
dt_logit_scale,dt_logit_scale,,D0,3,weighted_r2only,2,0.7,0.0,128,0,False,,0.7452808022499084,0.6479762848782447,0.7422545552253723,0.6397566699119346,0.3,0.29999999999999993,nan,nan,nan,0.0,0.0,0.0,none,0,0.0,0.0,nan,nan,nan,False,weighted,nan,nan,nan,base
dt_logit_scale,dt_logit_scale,,D0,3,weighted_r2only,3,0.7,0.0,128,0,False,,0.7597296833992004,0.6866729034322887,0.7629712820053101,0.6861371739942758,0.3,0.29999999999999993,nan,nan,nan,0.0,0.0,0.0,none,0,0.0,0.0,nan,nan,nan,False,weighted,nan,nan,nan,base
dt_logit_scale,dt_logit_scale,,D0,3,weighted_r2only,4,0.7,0.0,128,0,False,,0.7897925972938538,0.7327087553978602,0.7899402976036072,0.7309716795671666,0.3,0.29999999999999993,nan,nan,nan,0.0,0.0,0.0,none,0,0.0,0.0,nan,nan,nan,False,weighted,nan,nan,nan,base
dt_logit_scale,dt_logit_scale,,D0,3,weighted_r4only,0,0.7,0.0,128,0,False,,0.81379634141922,0.7901651261776503,0.8102836608886719,0.7840493356068086,0.13305997011143658,0.1508295518182265,81.78755187988281,0.6389652490615845,0.640625,0.0,0.0,0.0,none,0,46.0,82.0,0.14285714285714285,0.0,0.8491704481817735,False,weighted,nan,nan,nan,base
dt_logit_scale,dt_logit_scale,,D0,3,weighted_r4only,1,0.7,0.0,128,0,False,,0.8014448881149292,0.7602327936279879,0.7938596606254578,0.7472691563636484,0.14556121975470607,0.20578701122348947,93.74921417236328,0.7324157357215881,0.734375,0.0,0.0,0.0,none,0,34.0,94.0,0.0,0.0,0.7942129887765106,False,weighted,nan,nan,nan,base
dt_logit_scale,dt_logit_scale,,D0,3,weighted_r4only,2,0.7,0.0,128,0,False,,0.808902382850647,0.7912130296185277,0.8018850088119507,0.7851953225363514,0.14662274302886322,0.15648522039704288,81.73208618164062,0.6385319232940674,0.640625,0.0,0.0,0.0,none,0,46.0,82.0,0.13333333333333333,0.0,0.843514779602957,False,weighted,nan,nan,nan,base
dt_logit_scale,dt_logit_scale,,D0,3,weighted_r4only,3,0.7,0.0,128,0,False,,0.8019109964370728,0.756863951269783,0.8004852533340454,0.7507194173211046,0.1175619002243357,0.19319686298826155,88.71661376953125,0.6930985450744629,0.6953125,0.0,0.0,0.0,none,0,39.0,89.0,0.06666666666666667,0.0,0.8068031370117384,False,weighted,nan,nan,nan,base
dt_logit_scale,dt_logit_scale,,D0,3,weighted_r4only,4,0.7,0.0,128,0,False,,0.8158937096595764,0.7976325221651287,0.815976083278656,0.7974355038810745,0.18955103689161973,0.179309474683532,84.79580688476562,0.6624672412872314,0.6640625,0.0,0.0,0.0,none,0,43.0,85.0,0.26666666666666666,0.2,0.820690525316468,False,weighted,nan,nan,nan,base
dt_logit_scale,dt_logit_scale,,D0,5,mean,0,0.7,0.0,128,0,False,,0.6569564342498779,0.47079976165497794,0.6664800047874451,0.48029190186421394,0.5,0.5,nan,nan,nan,0.0,0.0,0.0,none,0,0.0,0.0,nan,nan,nan,False,,nan,nan,nan,base
dt_logit_scale,dt_logit_scale,,D0,5,mean,1,0.7,0.0,128,0,False,,0.6439058780670166,0.3916926566484716,0.649776041507721,0.3938571186150674,0.5,0.5,nan,nan,nan,0.0,0.0,0.0,none,0,0.0,0.0,nan,nan,nan,False,,nan,nan,nan,base
dt_logit_scale,dt_logit_scale,,D0,5,mean,2,0.7,0.0,128,0,False,,0.7504078149795532,0.6580553656338632,0.7506532073020935,0.6568835765764167,0.5,0.5,nan,nan,nan,0.0,0.0,0.0,none,0,0.0,0.0,nan,nan,nan,False,,nan,nan,nan,base
dt_logit_scale,dt_logit_scale,,D0,5,mean,3,0.7,0.0,128,0,False,,0.7024003863334656,0.5685546196662105,0.7067002654075623,0.5676609882985103,0.5,0.5,nan,nan,nan,0.0,0.0,0.0,none,0,0.0,0.0,nan,nan,nan,False,,nan,nan,nan,base
dt_logit_scale,dt_logit_scale,,D0,5,mean,4,0.7,0.0,128,0,False,,0.7769750356674194,0.7101797216060373,0.7765024304389954,0.7078384904361343,0.5,0.5,nan,nan,nan,0.0,0.0,0.0,none,0,0.0,0.0,nan,nan,nan,False,,nan,nan,nan,base
dt_logit_scale,dt_logit_scale,,D0,5,median,0,0.7,0.0,128,0,False,,0.5949662327766418,0.5860719629856613,0.6041433215141296,0.5944105455441764,0.5,0.5,nan,nan,nan,0.0,0.0,0.0,none,0,0.0,0.0,nan,nan,nan,False,,nan,nan,nan,base
dt_logit_scale,dt_logit_scale,,D0,5,median,1,0.7,0.0,128,0,False,,0.7333954572677612,0.6980013190009979,0.7264837622642517,0.6887995373690803,0.5,0.5,nan,nan,nan,0.0,0.0,0.0,none,0,0.0,0.0,nan,nan,nan,False,,nan,nan,nan,base
dt_logit_scale,dt_logit_scale,,D0,5,median,2,0.7,0.0,128,0,False,,0.6145420670509338,0.612834136033239,0.6206607222557068,0.6182985109957431,0.5,0.5,nan,nan,nan,0.0,0.0,0.0,none,0,0.0,0.0,nan,nan,nan,False,,nan,nan,nan,base
dt_logit_scale,dt_logit_scale,,D0,5,median,3,0.7,0.0,128,0,False,,0.6909811496734619,0.6773170429607889,0.7027809023857117,0.6875628178614897,0.5,0.5,nan,nan,nan,0.0,0.0,0.0,none,0,0.0,0.0,nan,nan,nan,False,,nan,nan,nan,base
dt_logit_scale,dt_logit_scale,,D0,5,median,4,0.7,0.0,128,0,False,,0.6406431794166565,0.6235248746883882,0.640630841255188,0.6258051708016296,0.5,0.5,nan,nan,nan,0.0,0.0,0.0,none,0,0.0,0.0,nan,nan,nan,False,,nan,nan,nan,base
dt_logit_scale,dt_logit_scale,,D0,5,trimmed_mean,0,0.7,0.0,128,0,False,,0.6795618534088135,0.5264397911848536,0.6872900128364563,0.5336322550799637,0.5,0.5,nan,nan,nan,0.0,0.0,0.0,none,0,0.0,0.0,nan,nan,nan,False,,nan,nan,nan,base
dt_logit_scale,dt_logit_scale,,D0,5,trimmed_mean,1,0.7,0.0,128,0,False,,0.6446049809455872,0.39443789105720284,0.651642382144928,0.39960400980310895,0.5,0.5,nan,nan,nan,0.0,0.0,0.0,none,0,0.0,0.0,nan,nan,nan,False,,nan,nan,nan,base
dt_logit_scale,dt_logit_scale,,D0,5,trimmed_mean,2,0.7,0.0,128,0,False,,0.760428786277771,0.6784125617705502,0.758865237236023,0.6737268402047736,0.5,0.5,nan,nan,nan,0.0,0.0,0.0,none,0,0.0,0.0,nan,nan,nan,False,,nan,nan,nan,base
dt_logit_scale,dt_logit_scale,,D0,5,trimmed_mean,3,0.7,0.0,128,0,False,,0.7312980890274048,0.6326052676618098,0.7332959771156311,0.6287810510424128,0.5,0.5,nan,nan,nan,0.0,0.0,0.0,none,0,0.0,0.0,nan,nan,nan,False,,nan,nan,nan,base
dt_logit_scale,dt_logit_scale,,D0,5,trimmed_mean,4,0.7,0.0,128,0,False,,0.7951526641845703,0.7440070579812965,0.792273223400116,0.7385381515168569,0.5,0.5,nan,nan,nan,0.0,0.0,0.0,none,0,0.0,0.0,nan,nan,nan,False,,nan,nan,nan,base
dt_logit_scale,dt_logit_scale,,D0,5,weighted,0,0.7,0.0,128,0,False,,0.8107666969299316,0.7758783494497234,0.8100037574768066,0.7709681455803619,0.018466247555921803,0.16534270447285235,81.78755187988281,0.6389652490615845,0.640625,0.0,0.0,0.0,none,0,46.0,82.0,0.2533333333333333,0.013333333333333334,0.8346572955271475,False,weighted,nan,nan,nan,base
dt_logit_scale,dt_logit_scale,,D0,5,weighted,1,0.7,0.0,128,0,False,,0.7986483573913574,0.75640002649217,0.792273223400116,0.7439834355334813,0.10123917013952535,0.2888370598007565,93.74921417236328,0.7324157357215881,0.734375,0.0,0.0,0.0,none,0,34.0,94.0,0.0,0.0,0.7111629401992434,False,weighted,nan,nan,nan,base
dt_logit_scale,dt_logit_scale,,D0,5,weighted,2,0.7,0.0,128,0,False,,0.8077371120452881,0.793136314845436,0.8094438314437866,0.7948953268489654,0.12809393474091146,0.17936003590025745,81.73208618164062,0.6385319232940674,0.640625,0.0,0.0,0.0,none,0,46.0,82.0,0.26666666666666666,0.0,0.8206399640997426,False,weighted,nan,nan,nan,base
dt_logit_scale,dt_logit_scale,,D0,5,weighted,3,0.7,0.0,128,0,False,,0.7946865558624268,0.7473101364072372,0.7920866012573242,0.738968765135076,0.09785332942574893,0.245252819250825,88.71661376953125,0.6930985450744629,0.6953125,0.0,0.0,0.0,none,0,39.0,89.0,0.06666666666666667,0.0,0.754747180749175,False,weighted,nan,nan,nan,base
dt_logit_scale,dt_logit_scale,,D0,5,weighted,4,0.7,0.0,128,0,False,,0.826147735118866,0.8091961299023895,0.8248413801193237,0.807181949293051,0.1675061792783325,0.21058059591927278,84.79580688476562,0.6624672412872314,0.6640625,0.0,0.0,0.0,none,0,43.0,85.0,0.3333333333333333,0.14666666666666664,0.7894194040807272,False,weighted,nan,nan,nan,base
dt_logit_scale,dt_logit_scale,,D0,5,weighted_r2only,0,0.7,0.0,128,0,False,,0.6569564342498779,0.47079976165497794,0.6664800047874451,0.48029190186421394,0.5,0.5,nan,nan,nan,0.0,0.0,0.0,none,0,0.0,0.0,nan,nan,nan,False,weighted,nan,nan,nan,base
dt_logit_scale,dt_logit_scale,,D0,5,weighted_r2only,1,0.7,0.0,128,0,False,,0.6439058780670166,0.3916926566484716,0.649776041507721,0.3938571186150674,0.5,0.5,nan,nan,nan,0.0,0.0,0.0,none,0,0.0,0.0,nan,nan,nan,False,weighted,nan,nan,nan,base
dt_logit_scale,dt_logit_scale,,D0,5,weighted_r2only,2,0.7,0.0,128,0,False,,0.7504078149795532,0.6580553656338632,0.7506532073020935,0.6568835765764167,0.5,0.5,nan,nan,nan,0.0,0.0,0.0,none,0,0.0,0.0,nan,nan,nan,False,weighted,nan,nan,nan,base
dt_logit_scale,dt_logit_scale,,D0,5,weighted_r2only,3,0.7,0.0,128,0,False,,0.7024003863334656,0.5685546196662105,0.7067002654075623,0.5676609882985103,0.5,0.5,nan,nan,nan,0.0,0.0,0.0,none,0,0.0,0.0,nan,nan,nan,False,weighted,nan,nan,nan,base
dt_logit_scale,dt_logit_scale,,D0,5,weighted_r2only,4,0.7,0.0,128,0,False,,0.7769750356674194,0.7101797216060373,0.7765024304389954,0.7078384904361343,0.5,0.5,nan,nan,nan,0.0,0.0,0.0,none,0,0.0,0.0,nan,nan,nan,False,weighted,nan,nan,nan,base
dt_logit_scale,dt_logit_scale,,D0,5,weighted_r4only,0,0.7,0.0,128,0,False,,0.7657888531684875,0.6970472600663651,0.7765024304389954,0.7092089497735228,0.11358554072585116,0.24628286669087618,81.78755187988281,0.6389652490615845,0.640625,0.0,0.0,0.0,none,0,46.0,82.0,0.0,0.0,0.7537171333091239,False,weighted,nan,nan,nan,base
dt_logit_scale,dt_logit_scale,,D0,5,weighted_r4only,1,0.7,0.0,128,0,False,,0.7928221821784973,0.7436062002050413,0.7858342528343201,0.7302898482486984,0.13674702329831975,0.30503167321201147,93.74921417236328,0.7324157357215881,0.734375,0.0,0.0,0.0,none,0,34.0,94.0,0.0,0.0,0.6949683267879885,False,weighted,nan,nan,nan,base
dt_logit_scale,dt_logit_scale,,D0,5,weighted_r4only,2,0.7,0.0,128,0,False,,0.774877667427063,0.710376622338067,0.7725830674171448,0.7062916766828573,0.10800673484701849,0.2874167373077386,81.73208618164062,0.6385319232940674,0.640625,0.0,0.0,0.0,none,0,46.0,82.0,0.0,0.0,0.7125832626922614,False,weighted,nan,nan,nan,base
dt_logit_scale,dt_logit_scale,,D0,5,weighted_r4only,3,0.7,0.0,128,0,False,,0.7655557990074158,0.6968328582002642,0.7663307189941406,0.6923087931347784,0.12176156777535624,0.2956046260825745,88.71661376953125,0.6930985450744629,0.6953125,0.0,0.0,0.0,none,0,39.0,89.0,0.0,0.0,0.7043953739174256,False,weighted,nan,nan,nan,base
dt_logit_scale,dt_logit_scale,,D0,5,weighted_r4only,4,0.7,0.0,128,0,False,,0.8007457256317139,0.7507367719894051,0.8024449348449707,0.751842242013525,0.19036065018698084,0.32436477016366394,84.79580688476562,0.6624672412872314,0.6640625,0.0,0.0,0.0,none,0,43.0,85.0,0.14666666666666667,0.0,0.675635229836336,False,weighted,nan,nan,nan,base
