attack_mode,attack,level,dt_level,mal_nodes,method,seed,round,node_id,is_malicious,R4,KL_q_p,Rep,passed_gate,pi,R2,R2_source,rep_config,method_detail,uses_dt,mimic_attack_enabled,mimic_loss,poison_loss,final_kl_to_teacher,exp_group,rep,R3,r4_kl,r4_gate_hit,tau_gate,lambda_m,ref_size,audit_size,audit_size_used
label_flip,label_flip,L1,D0,5,weighted,0,15,0,1,0.6029295142669752,0.5059549808502197,6.90617615582075,0,6.90617615582075,0.7310585786300049,none,"R2,R4",weighted,False,0.0,nan,nan,nan,base,6.90617615582075,0.5,0.5059549808502197,1,0.7,0.0,128,0,0
label_flip,label_flip,L1,D0,5,weighted,0,15,1,1,0.601097698375085,0.5089977979660034,6.63751051891504,0,6.63751051891504,0.7310585786300049,none,"R2,R4",weighted,False,0.0,nan,nan,nan,base,6.63751051891504,0.5,0.5089977979660034,1,0.7,0.0,128,0,0
label_flip,label_flip,L1,D0,5,weighted,0,15,2,1,0.6084436912560567,0.4968509078025818,7.781924861712501,0,7.781924861712501,0.7310585786300049,none,"R2,R4",weighted,False,0.0,nan,nan,nan,base,7.781924861712501,0.5,0.4968509078025818,1,0.7,0.0,128,0,0
label_flip,label_flip,L1,D0,5,weighted,0,15,3,1,0.49566785577582867,0.7018492221832275,0.6645060442955113,0,0.6645060442955113,0.7310585786300049,none,"R2,R4",weighted,False,0.0,nan,nan,nan,base,0.6645060442955113,0.5,0.7018492221832275,1,0.7,0.0,128,0,0
label_flip,label_flip,L1,D0,5,weighted,0,15,4,1,0.4256732017116425,0.8540833592414856,0.14074035737264545,0,0.14074035737264545,0.7310585786300049,none,"R2,R4",weighted,False,0.0,nan,nan,nan,base,0.14074035737264545,0.5,0.8540833592414856,1,0.7,0.0,128,0,0
label_flip,label_flip,L1,D0,5,weighted,0,15,5,0,0.6938643396109211,0.3654788136482239,48.98865694391391,0,48.98865694391391,0.7310585786300049,none,"R2,R4",weighted,False,0.0,nan,nan,nan,base,48.98865694391391,0.5,0.3654788136482239,1,0.7,0.0,128,0,0
label_flip,label_flip,L1,D0,5,weighted,0,15,6,0,0.6985228293600739,0.3587874174118042,54.13332426772973,0,54.13332426772973,0.7310585786300049,none,"R2,R4",weighted,False,0.0,nan,nan,nan,base,54.13332426772973,0.5,0.3587874174118042,1,0.7,0.0,128,0,0
label_flip,label_flip,L1,D0,5,weighted,0,15,7,0,0.694581808636225,0.3644453287124634,49.74806885238776,0,49.74806885238776,0.7310585786300049,none,"R2,R4",weighted,False,0.0,nan,nan,nan,base,49.74806885238776,0.5,0.3644453287124634,1,0.7,0.0,128,0,0
label_flip,label_flip,L1,D0,5,weighted,0,15,8,0,0.6961052277466836,0.36225444078445435,51.399627016730584,0,51.399627016730584,0.7310585786300049,none,"R2,R4",weighted,False,0.0,nan,nan,nan,base,51.399627016730584,0.5,0.36225444078445435,1,0.7,0.0,128,0,0
label_flip,label_flip,L1,D0,5,weighted,0,15,9,0,0.6952343974693785,0.3635062277317047,50.44897974271168,0,50.44897974271168,0.7310585786300049,none,"R2,R4",weighted,False,0.0,nan,nan,nan,base,50.44897974271168,0.5,0.3635062277317047,1,0.7,0.0,128,0,0
label_flip,label_flip,L1,D0,5,weighted,1,15,0,1,0.5815846510526461,0.5419987440109253,4.3469527346177275,0,4.3469527346177275,0.7310585786300049,none,"R2,R4",weighted,False,0.0,nan,nan,nan,base,4.3469527346177275,0.5,0.5419987440109253,1,0.7,0.0,128,0,0
label_flip,label_flip,L1,D0,5,weighted,1,15,1,1,0.5915279472559263,0.5250463485717773,5.394033300668099,0,5.394033300668099,0.7310585786300049,none,"R2,R4",weighted,False,0.0,nan,nan,nan,base,5.394033300668099,0.5,0.5250463485717773,1,0.7,0.0,128,0,0
label_flip,label_flip,L1,D0,5,weighted,1,15,2,1,0.5715432265443317,0.5594151616096497,3.494639318510651,0,3.494639318510651,0.7310585786300049,none,"R2,R4",weighted,False,0.0,nan,nan,nan,base,3.494639318510651,0.5,0.5594151616096497,1,0.7,0.0,128,0,0
label_flip,label_flip,L1,D0,5,weighted,1,15,3,1,0.5700518649153717,0.5620279312133789,3.3830922864446267,0,3.3830922864446267,0.7310585786300049,none,"R2,R4",weighted,False,0.0,nan,nan,nan,base,3.3830922864446267,0.5,0.5620279312133789,1,0.7,0.0,128,0,0
label_flip,label_flip,L1,D0,5,weighted,1,15,4,1,0.5857387819499078,0.5348813533782959,4.757275295419775,0,4.757275295419775,0.7310585786300049,none,"R2,R4",weighted,False,0.0,nan,nan,nan,base,4.757275295419775,0.5,0.5348813533782959,1,0.7,0.0,128,0,0
label_flip,label_flip,L1,D0,5,weighted,1,15,5,0,0.6272413968280002,0.46642380952835083,11.683585743037323,0,11.683585743037323,0.7310585786300049,none,"R2,R4",weighted,False,0.0,nan,nan,nan,base,11.683585743037323,0.5,0.46642380952835083,1,0.7,0.0,128,0,0
label_flip,label_flip,L1,D0,5,weighted,1,15,6,0,0.6335955729278704,0.4563444256782532,13.401247969611275,0,13.401247969611275,0.7310585786300049,none,"R2,R4",weighted,False,0.0,nan,nan,nan,base,13.401247969611275,0.5,0.4563444256782532,1,0.7,0.0,128,0,0
label_flip,label_flip,L1,D0,5,weighted,1,15,7,0,0.6323647734201766,0.45828887820243835,13.04999031995891,0,13.04999031995891,0.7310585786300049,none,"R2,R4",weighted,False,0.0,nan,nan,nan,base,13.04999031995891,0.5,0.45828887820243835,1,0.7,0.0,128,0,0
label_flip,label_flip,L1,D0,5,weighted,1,15,8,0,0.636202910245802,0.45223772525787354,14.176721400932566,0,14.176721400932566,0.7310585786300049,none,"R2,R4",weighted,False,0.0,nan,nan,nan,base,14.176721400932566,0.5,0.45223772525787354,1,0.7,0.0,128,0,0
label_flip,label_flip,L1,D0,5,weighted,1,15,9,0,0.632204640910326,0.458542138338089,13.004968563955982,0,13.004968563955982,0.7310585786300049,none,"R2,R4",weighted,False,0.0,nan,nan,nan,base,13.004968563955982,0.5,0.458542138338089,1,0.7,0.0,128,0,0
label_flip,label_flip,L1,D0,5,weighted,2,15,0,1,0.6421368762117509,0.44295379519462585,16.11200313967997,0,16.11200313967997,0.7310585786300049,none,"R2,R4",weighted,False,0.0,nan,nan,nan,base,16.11200313967997,0.5,0.44295379519462585,1,0.7,0.0,128,0,0
label_flip,label_flip,L1,D0,5,weighted,2,15,1,1,0.6225161348124691,0.4739857316017151,10.549914614208813,0,10.549914614208813,0.7310585786300049,none,"R2,R4",weighted,False,0.0,nan,nan,nan,base,10.549914614208813,0.5,0.4739857316017151,1,0.7,0.0,128,0,0
label_flip,label_flip,L1,D0,5,weighted,2,15,2,1,0.623936995948622,0.4717058837413788,10.878787987695365,0,10.878787987695365,0.7310585786300049,none,"R2,R4",weighted,False,0.0,nan,nan,nan,base,10.878787987695365,0.5,0.4717058837413788,1,0.7,0.0,128,0,0
label_flip,label_flip,L1,D0,5,weighted,2,15,3,1,0.6348382277513275,0.45438507199287415,13.76542873468183,0,13.76542873468183,0.7310585786300049,none,"R2,R4",weighted,False,0.0,nan,nan,nan,base,13.76542873468183,0.5,0.45438507199287415,1,0.7,0.0,128,0,0
label_flip,label_flip,L1,D0,5,weighted,2,15,4,1,0.5182026969846437,0.6573888063430786,1.0902924196298274,0,1.0902924196298274,0.7310585786300049,none,"R2,R4",weighted,False,0.0,nan,nan,nan,base,1.0902924196298274,0.5,0.6573888063430786,1,0.7,0.0,128,0,0
label_flip,label_flip,L1,D0,5,weighted,2,15,5,0,0.7017240204564105,0.3542150855064392,57.834545317120046,1,57.834545317120046,0.7310585786300049,none,"R2,R4",weighted,False,0.0,nan,nan,nan,base,57.834545317120046,0.5,0.3542150855064392,0,0.7,0.0,128,0,0
label_flip,label_flip,L1,D0,5,weighted,2,15,6,0,0.7006360291393032,0.35576674342155457,56.58966892086974,1,56.58966892086974,0.7310585786300049,none,"R2,R4",weighted,False,0.0,nan,nan,nan,base,56.58966892086974,0.5,0.35576674342155457,0,0.7,0.0,128,0,0
label_flip,label_flip,L1,D0,5,weighted,2,15,7,0,0.6992834604005748,0.35769909620285034,55.02297986012058,0,55.02297986012058,0.7310585786300049,none,"R2,R4",weighted,False,0.0,nan,nan,nan,base,55.02297986012058,0.5,0.35769909620285034,1,0.7,0.0,128,0,0
label_flip,label_flip,L1,D0,5,weighted,2,15,8,0,0.7018027205089209,0.3541029393672943,57.925648631735086,1,57.925648631735086,0.7310585786300049,none,"R2,R4",weighted,False,0.0,nan,nan,nan,base,57.925648631735086,0.5,0.3541029393672943,0,0.7,0.0,128,0,0
label_flip,label_flip,L1,D0,5,weighted,2,15,9,0,0.7028624849913844,0.3525940179824829,59.16650321562265,1,59.16650321562265,0.7310585786300049,none,"R2,R4",weighted,False,0.0,nan,nan,nan,base,59.16650321562265,0.5,0.3525940179824829,0,0.7,0.0,128,0,0
label_flip,label_flip,L1,D0,5,weighted,3,15,0,1,0.5605911843573256,0.5787633657455444,2.7534126974875526,0,2.7534126974875526,0.7310585786300049,none,"R2,R4",weighted,False,0.0,nan,nan,nan,base,2.7534126974875526,0.5,0.5787633657455444,1,0.7,0.0,128,0,0
label_flip,label_flip,L1,D0,5,weighted,3,15,1,1,0.4523335459484687,0.7933354377746582,0.2549000638770599,0,0.2549000638770599,0.7310585786300049,none,"R2,R4",weighted,False,0.0,nan,nan,nan,base,0.2549000638770599,0.5,0.7933354377746582,1,0.7,0.0,128,0,0
label_flip,label_flip,L1,D0,5,weighted,3,15,2,1,0.5574583683442218,0.5843674540519714,2.5717348617087157,0,2.5717348617087157,0.7310585786300049,none,"R2,R4",weighted,False,0.0,nan,nan,nan,base,2.5717348617087157,0.5,0.5843674540519714,1,0.7,0.0,128,0,0
label_flip,label_flip,L1,D0,5,weighted,3,15,3,1,0.5560869478140202,0.5868306159973145,2.495999230177913,0,2.495999230177913,0.7310585786300049,none,"R2,R4",weighted,False,0.0,nan,nan,nan,base,2.495999230177913,0.5,0.5868306159973145,1,0.7,0.0,128,0,0
label_flip,label_flip,L1,D0,5,weighted,3,15,4,1,0.4584400429771995,0.7799257636070251,0.2918999704774589,0,0.2918999704774589,0.7310585786300049,none,"R2,R4",weighted,False,0.0,nan,nan,nan,base,0.2918999704774589,0.5,0.7799257636070251,1,0.7,0.0,128,0,0
label_flip,label_flip,L1,D0,5,weighted,3,15,5,0,0.649577549114213,0.4314330518245697,18.913930844264904,0,18.913930844264904,0.7310585786300049,none,"R2,R4",weighted,False,0.0,nan,nan,nan,base,18.913930844264904,0.5,0.4314330518245697,1,0.7,0.0,128,0,0
label_flip,label_flip,L1,D0,5,weighted,3,15,6,0,0.6549759847787755,0.4231567084789276,21.245471969961038,0,21.245471969961038,0.7310585786300049,none,"R2,R4",weighted,False,0.0,nan,nan,nan,base,21.245471969961038,0.5,0.4231567084789276,1,0.7,0.0,128,0,0
label_flip,label_flip,L1,D0,5,weighted,3,15,7,0,0.6538624296442584,0.42485830187797546,20.74221701724287,0,20.74221701724287,0.7310585786300049,none,"R2,R4",weighted,False,0.0,nan,nan,nan,base,20.74221701724287,0.5,0.42485830187797546,1,0.7,0.0,128,0,0
label_flip,label_flip,L1,D0,5,weighted,3,15,8,0,0.6509024484030651,0.42939549684524536,19.461424451349867,0,19.461424451349867,0.7310585786300049,none,"R2,R4",weighted,False,0.0,nan,nan,nan,base,19.461424451349867,0.5,0.42939549684524536,1,0.7,0.0,128,0,0
label_flip,label_flip,L1,D0,5,weighted,3,15,9,0,0.6519761812139258,0.4277472496032715,19.916672130475614,0,19.916672130475614,0.7310585786300049,none,"R2,R4",weighted,False,0.0,nan,nan,nan,base,19.916672130475614,0.5,0.4277472496032715,1,0.7,0.0,128,0,0
label_flip,label_flip,L1,D0,5,weighted,4,15,0,1,0.6086982960571257,0.4964325428009033,7.824925222443807,0,7.824925222443807,0.7310585786300049,none,"R2,R4",weighted,False,0.0,nan,nan,nan,base,7.824925222443807,0.5,0.4964325428009033,1,0.7,0.0,128,0,0
label_flip,label_flip,L1,D0,5,weighted,4,15,1,1,0.40485569882373756,0.9042245745658875,0.0882722229897119,0,0.0882722229897119,0.7310585786300049,none,"R2,R4",weighted,False,0.0,nan,nan,nan,base,0.0882722229897119,0.5,0.9042245745658875,1,0.7,0.0,128,0,0
label_flip,label_flip,L1,D0,5,weighted,4,15,2,1,0.5860255905777332,0.5343918204307556,4.786985076623854,0,4.786985076623854,0.7310585786300049,none,"R2,R4",weighted,False,0.0,nan,nan,nan,base,4.786985076623854,0.5,0.5343918204307556,1,0.7,0.0,128,0,0
label_flip,label_flip,L1,D0,5,weighted,4,15,3,1,0.6099567766630236,0.49436718225479126,8.040965417674476,0,8.040965417674476,0.7310585786300049,none,"R2,R4",weighted,False,0.0,nan,nan,nan,base,8.040965417674476,0.5,0.49436718225479126,1,0.7,0.0,128,0,0
label_flip,label_flip,L1,D0,5,weighted,4,15,4,1,0.4646643442785831,0.7664399743080139,0.3350845848512272,0,0.3350845848512272,0.7310585786300049,none,"R2,R4",weighted,False,0.0,nan,nan,nan,base,0.3350845848512272,0.5,0.7664399743080139,1,0.7,0.0,128,0,0
label_flip,label_flip,L1,D0,5,weighted,4,15,5,0,0.687511512307724,0.3746767044067383,42.7485101100895,0,42.7485101100895,0.7310585786300049,none,"R2,R4",weighted,False,0.0,nan,nan,nan,base,42.7485101100895,0.5,0.3746767044067383,1,0.7,0.0,128,0,0
label_flip,label_flip,L1,D0,5,weighted,4,15,6,0,0.6828027645967162,0.38154923915863037,38.63995537983309,0,38.63995537983309,0.7310585786300049,none,"R2,R4",weighted,False,0.0,nan,nan,nan,base,38.63995537983309,0.5,0.38154923915863037,1,0.7,0.0,128,0,0
label_flip,label_flip,L1,D0,5,weighted,4,15,7,0,0.6825899664414933,0.3818609416484833,38.46386345574918,0,38.46386345574918,0.7310585786300049,none,"R2,R4",weighted,False,0.0,nan,nan,nan,base,38.46386345574918,0.5,0.3818609416484833,1,0.7,0.0,128,0,0
label_flip,label_flip,L1,D0,5,weighted,4,15,8,0,0.6894391720477766,0.3718768060207367,44.55335397586487,0,44.55335397586487,0.7310585786300049,none,"R2,R4",weighted,False,0.0,nan,nan,nan,base,44.55335397586487,0.5,0.3718768060207367,1,0.7,0.0,128,0,0
label_flip,label_flip,L1,D0,5,weighted,4,15,9,0,0.6865747591959075,0.37604016065597534,41.89790497426869,0,41.89790497426869,0.7310585786300049,none,"R2,R4",weighted,False,0.0,nan,nan,nan,base,41.89790497426869,0.5,0.37604016065597534,1,0.7,0.0,128,0,0
label_flip,label_flip,L1,D0,5,weighted_r4only,0,15,0,1,0.506984253589886,0.6792753338813782,0.7766559231472556,0,0.7766559231472556,0.5,none,R4,weighted,False,0.0,nan,nan,nan,base,0.7766559231472556,0.5,0.6792753338813782,1,0.7,0.0,128,0,0
label_flip,label_flip,L1,D0,5,weighted_r4only,0,15,1,1,0.5058841615958309,0.6814475655555725,0.7664920092881485,0,0.7664920092881485,0.5,none,R4,weighted,False,0.0,nan,nan,nan,base,0.7664920092881485,0.5,0.6814475655555725,1,0.7,0.0,128,0,0
label_flip,label_flip,L1,D0,5,weighted_r4only,0,15,2,1,0.5070934452076012,0.6790599822998047,0.7776718843171652,0,0.7776718843171652,0.5,none,R4,weighted,False,0.0,nan,nan,nan,base,0.7776718843171652,0.5,0.6790599822998047,1,0.7,0.0,128,0,0
label_flip,label_flip,L1,D0,5,weighted_r4only,0,15,3,1,0.5058999017305772,0.6814164519309998,0.7666365181284568,0,0.7666365181284568,0.5,none,R4,weighted,False,0.0,nan,nan,nan,base,0.7666365181284568,0.5,0.6814164519309998,1,0.7,0.0,128,0,0
label_flip,label_flip,L1,D0,5,weighted_r4only,0,15,4,1,0.5082875323226157,0.6767079830169678,0.7888668613966209,0,0.7888668613966209,0.5,none,R4,weighted,False,0.0,nan,nan,nan,base,0.7888668613966209,0.5,0.6767079830169678,1,0.7,0.0,128,0,0
label_flip,label_flip,L1,D0,5,weighted_r4only,0,15,5,0,0.6243314040893051,0.4710739552974701,3.0922996256343036,0,3.0922996256343036,0.5,none,R4,weighted,False,0.0,nan,nan,nan,base,3.0922996256343036,0.5,0.4710739552974701,1,0.7,0.0,128,0,0
label_flip,label_flip,L1,D0,5,weighted_r4only,0,15,6,0,0.6270522870347371,0.46672534942626953,3.1914407635837514,0,3.1914407635837514,0.5,none,R4,weighted,False,0.0,nan,nan,nan,base,3.1914407635837514,0.5,0.46672534942626953,1,0.7,0.0,128,0,0
label_flip,label_flip,L1,D0,5,weighted_r4only,0,15,7,0,0.6259348861579297,0.46850892901420593,3.1503541544560854,0,3.1503541544560854,0.5,none,R4,weighted,False,0.0,nan,nan,nan,base,3.1503541544560854,0.5,0.46850892901420593,1,0.7,0.0,128,0,0
label_flip,label_flip,L1,D0,5,weighted_r4only,0,15,8,0,0.6273787511749692,0.46620485186576843,3.203543701566416,0,3.203543701566416,0.5,none,R4,weighted,False,0.0,nan,nan,nan,base,3.203543701566416,0.5,0.46620485186576843,1,0.7,0.0,128,0,0
label_flip,label_flip,L1,D0,5,weighted_r4only,0,15,9,0,0.6274881588721712,0.466030478477478,3.2076098160159217,0,3.2076098160159217,0.5,none,R4,weighted,False,0.0,nan,nan,nan,base,3.2076098160159217,0.5,0.466030478477478,1,0.7,0.0,128,0,0
label_flip,label_flip,L1,D0,5,weighted_r4only,1,15,0,1,0.4258858730183085,0.8535838723182678,0.28994901024670483,0,0.28994901024670483,0.5,none,R4,weighted,False,0.0,nan,nan,nan,base,0.28994901024670483,0.5,0.8535838723182678,1,0.7,0.0,128,0,0
label_flip,label_flip,L1,D0,5,weighted_r4only,1,15,1,1,0.42721875129616177,0.850459098815918,0.29475916617459147,0,0.29475916617459147,0.5,none,R4,weighted,False,0.0,nan,nan,nan,base,0.29475916617459147,0.5,0.850459098815918,1,0.7,0.0,128,0,0
label_flip,label_flip,L1,D0,5,weighted_r4only,1,15,2,1,0.42896191170355474,0.8463871479034424,0.3011661759728437,0,0.3011661759728437,0.5,none,R4,weighted,False,0.0,nan,nan,nan,base,0.3011661759728437,0.5,0.8463871479034424,1,0.7,0.0,128,0,0
label_flip,label_flip,L1,D0,5,weighted_r4only,1,15,3,1,0.42525393140024953,0.8550688028335571,0.28769495480248186,0,0.28769495480248186,0.5,none,R4,weighted,False,0.0,nan,nan,nan,base,0.28769495480248186,0.5,0.8550688028335571,1,0.7,0.0,128,0,0
label_flip,label_flip,L1,D0,5,weighted_r4only,1,15,4,1,0.42519649872871024,0.8552038669586182,0.2874909390087235,0,0.2874909390087235,0.5,none,R4,weighted,False,0.0,nan,nan,nan,base,0.2874909390087235,0.5,0.8552038669586182,1,0.7,0.0,128,0,0
label_flip,label_flip,L1,D0,5,weighted_r4only,1,15,5,0,0.5188468807863361,0.6561464667320251,0.8949363192363329,0,0.8949363192363329,0.5,none,R4,weighted,False,0.0,nan,nan,nan,base,0.8949363192363329,0.5,0.6561464667320251,1,0.7,0.0,128,0,0
label_flip,label_flip,L1,D0,5,weighted_r4only,1,15,6,0,0.5197693161041317,0.6543701887130737,0.9048355325983143,0,0.9048355325983143,0.5,none,R4,weighted,False,0.0,nan,nan,nan,base,0.9048355325983143,0.5,0.6543701887130737,1,0.7,0.0,128,0,0
label_flip,label_flip,L1,D0,5,weighted_r4only,1,15,7,0,0.5193937183669015,0.6550930738449097,0.9007919607197558,0,0.9007919607197558,0.5,none,R4,weighted,False,0.0,nan,nan,nan,base,0.9007919607197558,0.5,0.6550930738449097,1,0.7,0.0,128,0,0
label_flip,label_flip,L1,D0,5,weighted_r4only,1,15,8,0,0.5195567083111559,0.654779314994812,0.9025444950964121,0,0.9025444950964121,0.5,none,R4,weighted,False,0.0,nan,nan,nan,base,0.9025444950964121,0.5,0.654779314994812,1,0.7,0.0,128,0,0
label_flip,label_flip,L1,D0,5,weighted_r4only,1,15,9,0,0.518852942255811,0.6561347842216492,0.8950010229698999,0,0.8950010229698999,0.5,none,R4,weighted,False,0.0,nan,nan,nan,base,0.8950010229698999,0.5,0.6561347842216492,1,0.7,0.0,128,0,0
label_flip,label_flip,L1,D0,5,weighted_r4only,2,15,0,1,0.6136983028022824,0.48825183510780334,2.7330170263911153,0,2.7330170263911153,0.5,none,R4,weighted,False,0.0,nan,nan,nan,base,2.7330170263911153,0.5,0.48825183510780334,1,0.7,0.0,128,0,0
label_flip,label_flip,L1,D0,5,weighted_r4only,2,15,1,1,0.5994595041133844,0.5117268562316895,2.3153089372277615,0,2.3153089372277615,0.5,none,R4,weighted,False,0.0,nan,nan,nan,base,2.3153089372277615,0.5,0.5117268562316895,1,0.7,0.0,128,0,0
label_flip,label_flip,L1,D0,5,weighted_r4only,2,15,2,1,0.4337480750523219,0.8352913856506348,0.3194560123436009,0,0.3194560123436009,0.5,none,R4,weighted,False,0.0,nan,nan,nan,base,0.3194560123436009,0.5,0.8352913856506348,1,0.7,0.0,128,0,0
label_flip,label_flip,L1,D0,5,weighted_r4only,2,15,3,1,0.596760294895756,0.5162397623062134,2.243502207955472,0,2.243502207955472,0.5,none,R4,weighted,False,0.0,nan,nan,nan,base,2.243502207955472,0.5,0.5162397623062134,1,0.7,0.0,128,0,0
label_flip,label_flip,L1,D0,5,weighted_r4only,2,15,4,1,0.3945744502947853,0.9299474358558655,0.1964145133359835,0,0.1964145133359835,0.5,none,R4,weighted,False,0.0,nan,nan,nan,base,0.1964145133359835,0.5,0.9299474358558655,1,0.7,0.0,128,0,0
label_flip,label_flip,L1,D0,5,weighted_r4only,2,15,5,0,0.6663286033080144,0.40597233176231384,5.022805515659705,0,5.022805515659705,0.5,none,R4,weighted,False,0.0,nan,nan,nan,base,5.022805515659705,0.5,0.40597233176231384,1,0.7,0.0,128,0,0
label_flip,label_flip,L1,D0,5,weighted_r4only,2,15,6,0,0.6658866481729121,0.4066358208656311,4.997339170093473,0,4.997339170093473,0.5,none,R4,weighted,False,0.0,nan,nan,nan,base,4.997339170093473,0.5,0.4066358208656311,1,0.7,0.0,128,0,0
label_flip,label_flip,L1,D0,5,weighted_r4only,2,15,7,0,0.6663316614685694,0.40596774220466614,5.022982176678876,0,5.022982176678876,0.5,none,R4,weighted,False,0.0,nan,nan,nan,base,5.022982176678876,0.5,0.40596774220466614,1,0.7,0.0,128,0,0
label_flip,label_flip,L1,D0,5,weighted_r4only,2,15,8,0,0.6659593244135168,0.40652668476104736,5.001518184835637,0,5.001518184835637,0.5,none,R4,weighted,False,0.0,nan,nan,nan,base,5.001518184835637,0.5,0.40652668476104736,1,0.7,0.0,128,0,0
label_flip,label_flip,L1,D0,5,weighted_r4only,2,15,9,0,0.6695716387512047,0.40111711621284485,5.2136188691051775,0,5.2136188691051775,0.5,none,R4,weighted,False,0.0,nan,nan,nan,base,5.2136188691051775,0.5,0.40111711621284485,1,0.7,0.0,128,0,0
label_flip,label_flip,L1,D0,5,weighted_r4only,3,15,0,1,0.45142123810051416,0.7953543663024902,0.3967428102477414,0,0.3967428102477414,0.5,none,R4,weighted,False,0.0,nan,nan,nan,base,0.3967428102477414,0.5,0.7953543663024902,1,0.7,0.0,128,0,0
label_flip,label_flip,L1,D0,5,weighted_r4only,3,15,1,1,0.4466473208440506,0.8059859871864319,0.37424753777064557,0,0.37424753777064557,0.5,none,R4,weighted,False,0.0,nan,nan,nan,base,0.37424753777064557,0.5,0.8059859871864319,1,0.7,0.0,128,0,0
label_flip,label_flip,L1,D0,5,weighted_r4only,3,15,2,1,0.45156518553312464,0.7950355410575867,0.39744101660889114,0,0.39744101660889114,0.5,none,R4,weighted,False,0.0,nan,nan,nan,base,0.39744101660889114,0.5,0.7950355410575867,1,0.7,0.0,128,0,0
label_flip,label_flip,L1,D0,5,weighted_r4only,3,15,3,1,0.45205946077832354,0.7939415574073792,0.39984751954574665,0,0.39984751954574665,0.5,none,R4,weighted,False,0.0,nan,nan,nan,base,0.39984751954574665,0.5,0.7939415574073792,1,0.7,0.0,128,0,0
label_flip,label_flip,L1,D0,5,weighted_r4only,3,15,4,1,0.45297546139776323,0.7919173240661621,0.4043446113809234,0,0.4043446113809234,0.5,none,R4,weighted,False,0.0,nan,nan,nan,base,0.4043446113809234,0.5,0.7919173240661621,1,0.7,0.0,128,0,0
label_flip,label_flip,L1,D0,5,weighted_r4only,3,15,5,0,0.5603998893645858,0.5791046619415283,1.464580972037814,0,1.464580972037814,0.5,none,R4,weighted,False,0.0,nan,nan,nan,base,1.464580972037814,0.5,0.5791046619415283,1,0.7,0.0,128,0,0
label_flip,label_flip,L1,D0,5,weighted_r4only,3,15,6,0,0.5626295836471562,0.5751338005065918,1.503562030363052,0,1.503562030363052,0.5,none,R4,weighted,False,0.0,nan,nan,nan,base,1.503562030363052,0.5,0.5751338005065918,1,0.7,0.0,128,0,0
label_flip,label_flip,L1,D0,5,weighted_r4only,3,15,7,0,0.562394382437161,0.5755519270896912,1.499402718615324,0,1.499402718615324,0.5,none,R4,weighted,False,0.0,nan,nan,nan,base,1.499402718615324,0.5,0.5755519270896912,1,0.7,0.0,128,0,0
label_flip,label_flip,L1,D0,5,weighted_r4only,3,15,8,0,0.5609895853981319,0.5780529379844666,1.4747933229432595,0,1.4747933229432595,0.5,none,R4,weighted,False,0.0,nan,nan,nan,base,1.4747933229432595,0.5,0.5780529379844666,1,0.7,0.0,128,0,0
label_flip,label_flip,L1,D0,5,weighted_r4only,3,15,9,0,0.5623059936697491,0.5757091045379639,1.4978425549974295,0,1.4978425549974295,0.5,none,R4,weighted,False,0.0,nan,nan,nan,base,1.4978425549974295,0.5,0.5757091045379639,1,0.7,0.0,128,0,0
label_flip,label_flip,L1,D0,5,weighted_r4only,4,15,0,1,0.49975556056492265,0.6936361789703369,0.7121935038797078,0,0.7121935038797078,0.5,none,R4,weighted,False,0.0,nan,nan,nan,base,0.7121935038797078,0.5,0.6936361789703369,1,0.7,0.0,128,0,0
label_flip,label_flip,L1,D0,5,weighted_r4only,4,15,1,1,0.504274264391982,0.6846349835395813,0.7518507874375621,0,0.7518507874375621,0.5,none,R4,weighted,False,0.0,nan,nan,nan,base,0.7518507874375621,0.5,0.6846349835395813,1,0.7,0.0,128,0,0
label_flip,label_flip,L1,D0,5,weighted_r4only,4,15,2,1,0.499297009886519,0.6945541501045227,0.7082847284530601,0,0.7082847284530601,0.5,none,R4,weighted,False,0.0,nan,nan,nan,base,0.7082847284530601,0.5,0.6945541501045227,1,0.7,0.0,128,0,0
label_flip,label_flip,L1,D0,5,weighted_r4only,4,15,3,1,0.4998714483572502,0.6934043169021606,0.7131846689338893,0,0.7131846689338893,0.5,none,R4,weighted,False,0.0,nan,nan,nan,base,0.7131846689338893,0.5,0.6934043169021606,1,0.7,0.0,128,0,0
label_flip,label_flip,L1,D0,5,weighted_r4only,4,15,4,1,0.5038137897658143,0.6855485439300537,0.747713270778206,0,0.747713270778206,0.5,none,R4,weighted,False,0.0,nan,nan,nan,base,0.747713270778206,0.5,0.6855485439300537,1,0.7,0.0,128,0,0
label_flip,label_flip,L1,D0,5,weighted_r4only,4,15,5,0,0.5937173388022758,0.5213519334793091,2.165164626423805,0,2.165164626423805,0.5,none,R4,weighted,False,0.0,nan,nan,nan,base,2.165164626423805,0.5,0.5213519334793091,1,0.7,0.0,128,0,0
label_flip,label_flip,L1,D0,5,weighted_r4only,4,15,6,0,0.5925689677086543,0.5232880115509033,2.13630266781379,0,2.13630266781379,0.5,none,R4,weighted,False,0.0,nan,nan,nan,base,2.13630266781379,0.5,0.5232880115509033,1,0.7,0.0,128,0,0
label_flip,label_flip,L1,D0,5,weighted_r4only,4,15,7,0,0.5927749182902596,0.5229405164718628,2.1414509437141493,0,2.1414509437141493,0.5,none,R4,weighted,False,0.0,nan,nan,nan,base,2.1414509437141493,0.5,0.5229405164718628,1,0.7,0.0,128,0,0
label_flip,label_flip,L1,D0,5,weighted_r4only,4,15,8,0,0.5933924214928038,0.5218993425369263,2.1569599856976884,0,2.1569599856976884,0.5,none,R4,weighted,False,0.0,nan,nan,nan,base,2.1569599856976884,0.5,0.5218993425369263,1,0.7,0.0,128,0,0
label_flip,label_flip,L1,D0,5,weighted_r4only,4,15,9,0,0.5939479030176983,0.5209636688232422,2.1710052416607346,0,2.1710052416607346,0.5,none,R4,weighted,False,0.0,nan,nan,nan,base,2.1710052416607346,0.5,0.5209636688232422,1,0.7,0.0,128,0,0
stealth_amp,stealth_amp,,D0,5,weighted,0,15,0,1,4.2530239413839354e-05,10.065295219421387,2.8252646005254702e-09,0,2.8252646005254702e-09,0.7310585786300049,none,"R2,R4",weighted,False,0.0,nan,nan,nan,base,2.8252646005254702e-09,0.5,10.065295219421387,1,0.7,0.0,128,0,0
stealth_amp,stealth_amp,,D0,5,weighted,0,15,1,1,0.0007196089791640028,7.236802577972412,4.8455034314510636e-08,0,4.8455034314510636e-08,0.7310585786300049,none,"R2,R4",weighted,False,0.0,nan,nan,nan,base,4.8455034314510636e-08,0.5,7.236802577972412,1,0.7,0.0,128,0,0
stealth_amp,stealth_amp,,D0,5,weighted,0,15,2,1,8.123872814774567e-05,9.418118476867676,5.4008315715375025e-09,0,5.4008315715375025e-09,0.7310585786300049,none,"R2,R4",weighted,False,0.0,nan,nan,nan,base,5.4008315715375025e-09,0.5,9.418118476867676,1,0.7,0.0,128,0,0
stealth_amp,stealth_amp,,D0,5,weighted,0,15,3,1,0.0009800340887021715,6.927923202514648,6.633542830250823e-08,0,6.633542830250823e-08,0.7310585786300049,none,"R2,R4",weighted,False,0.0,nan,nan,nan,base,6.633542830250823e-08,0.5,6.927923202514648,1,0.7,0.0,128,0,0
stealth_amp,stealth_amp,,D0,5,weighted,0,15,4,1,9.099624933719754e-05,9.304692268371582,6.050701981811712e-09,0,6.050701981811712e-09,0.7310585786300049,none,"R2,R4",weighted,False,0.0,nan,nan,nan,base,6.050701981811712e-09,0.5,9.304692268371582,1,0.7,0.0,128,0,0
stealth_amp,stealth_amp,,D0,5,weighted,0,15,5,0,0.7119130303942366,0.33979952335357666,70.90680901060111,1,70.90680901060111,0.7310585786300049,none,"R2,R4",weighted,False,0.0,nan,nan,nan,base,70.90680901060111,0.5,0.33979952335357666,0,0.7,0.0,128,0,0
stealth_amp,stealth_amp,,D0,5,weighted,0,15,6,0,0.7313338467265061,0.31288522481918335,104.56227138961816,1,104.56227138961816,0.7310585786300049,none,"R2,R4",weighted,False,0.0,nan,nan,nan,base,104.56227138961816,0.5,0.31288522481918335,0,0.7,0.0,128,0,0
stealth_amp,stealth_amp,,D0,5,weighted,0,15,7,0,0.7231851714706194,0.32408997416496277,88.83753812216723,1,88.83753812216723,0.7310585786300049,none,"R2,R4",weighted,False,0.0,nan,nan,nan,base,88.83753812216723,0.5,0.32408997416496277,0,0.7,0.0,128,0,0
stealth_amp,stealth_amp,,D0,5,weighted,0,15,8,0,0.7075479216117656,0.3459499180316925,64.97900970307727,1,64.97900970307727,0.7310585786300049,none,"R2,R4",weighted,False,0.0,nan,nan,nan,base,64.97900970307727,0.5,0.3459499180316925,0,0.7,0.0,128,0,0
stealth_amp,stealth_amp,,D0,5,weighted,0,15,9,0,0.7238088491334412,0.3232279419898987,89.95259780568105,1,89.95259780568105,0.7310585786300049,none,"R2,R4",weighted,False,0.0,nan,nan,nan,base,89.95259780568105,0.5,0.3232279419898987,0,0.7,0.0,128,0,0
stealth_amp,stealth_amp,,D0,5,weighted,1,15,0,1,0.00015311725980056719,8.784306526184082,1.0194032068766066e-08,0,1.0194032068766066e-08,0.7310585786300049,none,"R2,R4",weighted,False,0.0,nan,nan,nan,base,1.0194032068766066e-08,0.5,8.784306526184082,1,0.7,0.0,128,0,0
stealth_amp,stealth_amp,,D0,5,weighted,1,15,1,1,0.0011282436329879174,6.787093162536621,7.6593969682135e-08,0,7.6593969682135e-08,0.7310585786300049,none,"R2,R4",weighted,False,0.0,nan,nan,nan,base,7.6593969682135e-08,0.5,6.787093162536621,1,0.7,0.0,128,0,0
stealth_amp,stealth_amp,,D0,5,weighted,1,15,2,1,3.534047658230093e-05,10.250481605529785,2.347314345091989e-09,0,2.347314345091989e-09,0.7310585786300049,none,"R2,R4",weighted,False,0.0,nan,nan,nan,base,2.347314345091989e-09,0.5,10.250481605529785,1,0.7,0.0,128,0,0
stealth_amp,stealth_amp,,D0,5,weighted,1,15,3,1,5.599661547814695e-05,9.7902193069458,3.7208318694736978e-09,0,3.7208318694736978e-09,0.7310585786300049,none,"R2,R4",weighted,False,0.0,nan,nan,nan,base,3.7208318694736978e-09,0.5,9.7902193069458,1,0.7,0.0,128,0,0
stealth_amp,stealth_amp,,D0,5,weighted,1,15,4,1,0.0001564114511530964,8.763020515441895,1.0414034341144353e-08,0,1.0414034341144353e-08,0.7310585786300049,none,"R2,R4",weighted,False,0.0,nan,nan,nan,base,1.0414034341144353e-08,0.5,8.763020515441895,1,0.7,0.0,128,0,0
stealth_amp,stealth_amp,,D0,5,weighted,1,15,5,0,0.6759892280694744,0.39157813787460327,33.38101166575838,0,33.38101166575838,0.7310585786300049,none,"R2,R4",weighted,False,0.0,nan,nan,nan,base,33.38101166575838,0.5,0.39157813787460327,1,0.7,0.0,128,0,0
stealth_amp,stealth_amp,,D0,5,weighted,1,15,6,0,0.7016394115374014,0.3543356657028198,57.73676170689574,1,57.73676170689574,0.7310585786300049,none,"R2,R4",weighted,False,0.0,nan,nan,nan,base,57.73676170689574,0.5,0.3543356657028198,0,0.7,0.0,128,0,0
stealth_amp,stealth_amp,,D0,5,weighted,1,15,7,0,0.6948007679380573,0.3641301393508911,49.98215397475631,0,49.98215397475631,0.7310585786300049,none,"R2,R4",weighted,False,0.0,nan,nan,nan,base,49.98215397475631,0.5,0.3641301393508911,1,0.7,0.0,128,0,0
stealth_amp,stealth_amp,,D0,5,weighted,1,15,8,0,0.7041600451118728,0.3507496118545532,60.72204186656508,1,60.72204186656508,0.7310585786300049,none,"R2,R4",weighted,False,0.0,nan,nan,nan,base,60.72204186656508,0.5,0.3507496118545532,0,0.7,0.0,128,0,0
stealth_amp,stealth_amp,,D0,5,weighted,1,15,9,0,0.7028506081799424,0.35261091589927673,59.1524506966324,1,59.1524506966324,0.7310585786300049,none,"R2,R4",weighted,False,0.0,nan,nan,nan,base,59.1524506966324,0.5,0.35261091589927673,0,0.7,0.0,128,0,0
stealth_amp,stealth_amp,,D0,5,weighted,2,15,0,1,6.191770148093002e-06,11.992289543151855,4.1101767152429313e-10,0,4.1101767152429313e-10,0.7310585786300049,none,"R2,R4",weighted,False,0.0,nan,nan,nan,base,4.1101767152429313e-10,0.5,11.992289543151855,1,0.7,0.0,128,0,0
stealth_amp,stealth_amp,,D0,5,weighted,2,15,1,1,0.0009768619475086472,6.9311652183532715,6.61165212797686e-08,0,6.61165212797686e-08,0.7310585786300049,none,"R2,R4",weighted,False,0.0,nan,nan,nan,base,6.61165212797686e-08,0.5,6.9311652183532715,1,0.7,0.0,128,0,0
stealth_amp,stealth_amp,,D0,5,weighted,2,15,2,1,1.3481150066027984e-05,11.214218139648438,8.950265665077197e-10,0,8.950265665077197e-10,0.7310585786300049,none,"R2,R4",weighted,False,0.0,nan,nan,nan,base,8.950265665077197e-10,0.5,11.214218139648438,1,0.7,0.0,128,0,0
stealth_amp,stealth_amp,,D0,5,weighted,2,15,3,1,0.0011278692551279158,6.7874250411987305,7.656798068636513e-08,0,7.656798068636513e-08,0.7310585786300049,none,"R2,R4",weighted,False,0.0,nan,nan,nan,base,7.656798068636513e-08,0.5,6.7874250411987305,1,0.7,0.0,128,0,0
stealth_amp,stealth_amp,,D0,5,weighted,2,15,4,1,0.0001932199233535487,8.551681518554688,1.2874254200027146e-08,0,1.2874254200027146e-08,0.7310585786300049,none,"R2,R4",weighted,False,0.0,nan,nan,nan,base,1.2874254200027146e-08,0.5,8.551681518554688,1,0.7,0.0,128,0,0
stealth_amp,stealth_amp,,D0,5,weighted,2,15,5,0,0.7223650432537244,0.3252246677875519,87.39226022284366,1,87.39226022284366,0.7310585786300049,none,"R2,R4",weighted,False,0.0,nan,nan,nan,base,87.39226022284366,0.5,0.3252246677875519,0,0.7,0.0,128,0,0
stealth_amp,stealth_amp,,D0,5,weighted,2,15,6,0,0.7230212609911006,0.3243166506290436,88.54678688484069,1,88.54678688484069,0.7310585786300049,none,"R2,R4",weighted,False,0.0,nan,nan,nan,base,88.54678688484069,0.5,0.3243166506290436,0,0.7,0.0,128,0,0
stealth_amp,stealth_amp,,D0,5,weighted,2,15,7,0,0.7060486965916427,0.34807106852531433,63.059567131093615,1,63.059567131093615,0.7310585786300049,none,"R2,R4",weighted,False,0.0,nan,nan,nan,base,63.059567131093615,0.5,0.34807106852531433,0,0.7,0.0,128,0,0
stealth_amp,stealth_amp,,D0,5,weighted,2,15,8,0,0.7262009174244511,0.3199285566806793,94.36065597531218,1,94.36065597531218,0.7310585786300049,none,"R2,R4",weighted,False,0.0,nan,nan,nan,base,94.36065597531218,0.5,0.3199285566806793,0,0.7,0.0,128,0,0
stealth_amp,stealth_amp,,D0,5,weighted,2,15,9,0,0.7207962057730679,0.3273988366127014,84.69274759065013,1,84.69274759065013,0.7310585786300049,none,"R2,R4",weighted,False,0.0,nan,nan,nan,base,84.69274759065013,0.5,0.3273988366127014,0,0.7,0.0,128,0,0
stealth_amp,stealth_amp,,D0,5,weighted,3,15,0,1,0.0002857921111951317,8.160245895385742,1.9077632692193732e-08,0,1.9077632692193732e-08,0.7310585786300049,none,"R2,R4",weighted,False,0.0,nan,nan,nan,base,1.9077632692193732e-08,0.5,8.160245895385742,1,0.7,0.0,128,0,0
stealth_amp,stealth_amp,,D0,5,weighted,3,15,1,1,8.838789603957238e-05,9.333775520324707,5.876955621258069e-09,0,5.876955621258069e-09,0.7310585786300049,none,"R2,R4",weighted,False,0.0,nan,nan,nan,base,5.876955621258069e-09,0.5,9.333775520324707,1,0.7,0.0,128,0,0
stealth_amp,stealth_amp,,D0,5,weighted,3,15,2,1,5.422106341750351e-05,9.822441101074219,3.6027230378618502e-09,0,3.6027230378618502e-09,0.7310585786300049,none,"R2,R4",weighted,False,0.0,nan,nan,nan,base,3.6027230378618502e-09,0.5,9.822441101074219,1,0.7,0.0,128,0,0
stealth_amp,stealth_amp,,D0,5,weighted,3,15,3,1,0.00020762215606976554,8.479790687561035,1.3837861111899827e-08,0,1.3837861111899827e-08,0.7310585786300049,none,"R2,R4",weighted,False,0.0,nan,nan,nan,base,1.3837861111899827e-08,0.5,8.479790687561035,1,0.7,0.0,128,0,0
stealth_amp,stealth_amp,,D0,5,weighted,3,15,4,1,0.0006108870199225972,7.400598526000977,4.104486977859812e-08,0,4.104486977859812e-08,0.7310585786300049,none,"R2,R4",weighted,False,0.0,nan,nan,nan,base,4.104486977859812e-08,0.5,7.400598526000977,1,0.7,0.0,128,0,0
stealth_amp,stealth_amp,,D0,5,weighted,3,15,5,0,0.7142294067965579,0.33655107021331787,74.26902648360937,1,74.26902648360937,0.7310585786300049,none,"R2,R4",weighted,False,0.0,nan,nan,nan,base,74.26902648360937,0.5,0.33655107021331787,0,0.7,0.0,128,0,0
stealth_amp,stealth_amp,,D0,5,weighted,3,15,6,0,0.7199640673840468,0.3285539746284485,83.29489023244341,1,83.29489023244341,0.7310585786300049,none,"R2,R4",weighted,False,0.0,nan,nan,nan,base,83.29489023244341,0.5,0.3285539746284485,0,0.7,0.0,128,0,0
stealth_amp,stealth_amp,,D0,5,weighted,3,15,7,0,0.719043588783318,0.3298332989215851,81.77549556658079,1,81.77549556658079,0.7310585786300049,none,"R2,R4",weighted,False,0.0,nan,nan,nan,base,81.77549556658079,0.5,0.3298332989215851,0,0.7,0.0,128,0,0
stealth_amp,stealth_amp,,D0,5,weighted,3,15,8,0,0.7185010570021926,0.33058810234069824,80.89297606878553,1,80.89297606878553,0.7310585786300049,none,"R2,R4",weighted,False,0.0,nan,nan,nan,base,80.89297606878553,0.5,0.33058810234069824,0,0.7,0.0,128,0,0
stealth_amp,stealth_amp,,D0,5,weighted,3,15,9,0,0.7215388994281152,0.3263689875602722,85.96015254913493,1,85.96015254913493,0.7310585786300049,none,"R2,R4",weighted,False,0.0,nan,nan,nan,base,85.96015254913493,0.5,0.3263689875602722,0,0.7,0.0,128,0,0
stealth_amp,stealth_amp,,D0,5,weighted,4,15,0,1,0.0005250449139466904,7.552026748657227,3.5216713609665776e-08,0,3.5216713609665776e-08,0.7310585786300049,none,"R2,R4",weighted,False,0.0,nan,nan,nan,base,3.5216713609665776e-08,0.5,7.552026748657227,1,0.7,0.0,128,0,0
stealth_amp,stealth_amp,,D0,5,weighted,4,15,1,1,0.00022702000602231985,8.390472412109375,1.513658447959516e-08,0,1.513658447959516e-08,0.7310585786300049,none,"R2,R4",weighted,False,0.0,nan,nan,nan,base,1.513658447959516e-08,0.5,8.390472412109375,1,0.7,0.0,128,0,0
stealth_amp,stealth_amp,,D0,5,weighted,4,15,2,1,0.0018536565916790037,6.290595054626465,1.2767969130253341e-07,0,1.2767969130253341e-07,0.7310585786300049,none,"R2,R4",weighted,False,0.0,nan,nan,nan,base,1.2767969130253341e-07,0.5,6.290595054626465,1,0.7,0.0,128,0,0
stealth_amp,stealth_amp,,D0,5,weighted,4,15,3,1,0.00013746472083672818,8.892143249511719,9.149074106795398e-09,0,9.149074106795398e-09,0.7310585786300049,none,"R2,R4",weighted,False,0.0,nan,nan,nan,base,9.149074106795398e-09,0.5,8.892143249511719,1,0.7,0.0,128,0,0
stealth_amp,stealth_amp,,D0,5,weighted,4,15,4,1,0.0014474022977634879,6.537984848022461,9.889016963595795e-08,0,9.889016963595795e-08,0.7310585786300049,none,"R2,R4",weighted,False,0.0,nan,nan,nan,base,9.889016963595795e-08,0.5,6.537984848022461,1,0.7,0.0,128,0,0
stealth_amp,stealth_amp,,D0,5,weighted,4,15,5,0,0.7506158987919134,0.28686121106147766,153.76474948592676,1,153.76474948592676,0.7310585786300049,none,"R2,R4",weighted,False,0.0,nan,nan,nan,base,153.76474948592676,0.5,0.28686121106147766,0,0.7,0.0,128,0,0
stealth_amp,stealth_amp,,D0,5,weighted,4,15,6,0,0.7232015300772325,0.3240673542022705,88.86660804411441,1,88.86660804411441,0.7310585786300049,none,"R2,R4",weighted,False,0.0,nan,nan,nan,base,88.86660804411441,0.5,0.3240673542022705,0,0.7,0.0,128,0,0
stealth_amp,stealth_amp,,D0,5,weighted,4,15,7,0,0.7239611361441166,0.32301756739616394,90.22698769817653,1,90.22698769817653,0.7310585786300049,none,"R2,R4",weighted,False,0.0,nan,nan,nan,base,90.22698769817653,0.5,0.32301756739616394,0,0.7,0.0,128,0,0
stealth_amp,stealth_amp,,D0,5,weighted,4,15,8,0,0.750902760606441,0.286479115486145,154.64946968452293,1,154.64946968452293,0.7310585786300049,none,"R2,R4",weighted,False,0.0,nan,nan,nan,base,154.64946968452293,0.5,0.286479115486145,0,0.7,0.0,128,0,0
stealth_amp,stealth_amp,,D0,5,weighted,4,15,9,0,0.7418674211810663,0.2985847294330597,129.08282872891166,1,129.08282872891166,0.7310585786300049,none,"R2,R4",weighted,False,0.0,nan,nan,nan,base,129.08282872891166,0.5,0.2985847294330597,0,0.7,0.0,128,0,0
stealth_amp,stealth_amp,,D0,5,weighted_r4only,0,15,0,1,4.5932067176632556e-05,9.988347053527832,4.42328601438086e-07,0,4.42328601438086e-07,0.5,none,R4,weighted,False,0.0,nan,nan,nan,base,4.42328601438086e-07,0.5,9.988347053527832,1,0.7,0.0,128,0,0
stealth_amp,stealth_amp,,D0,5,weighted_r4only,0,15,1,1,0.0007670647805334657,7.172939300537109,7.440342250298914e-06,0,7.440342250298914e-06,0.5,none,R4,weighted,False,0.0,nan,nan,nan,base,7.440342250298914e-06,0.5,7.172939300537109,1,0.7,0.0,128,0,0
stealth_amp,stealth_amp,,D0,5,weighted_r4only,0,15,2,1,8.117390720554752e-05,9.418916702270508,7.819852024645657e-07,0,7.819852024645657e-07,0.5,none,R4,weighted,False,0.0,nan,nan,nan,base,7.819852024645657e-07,0.5,9.418916702270508,1,0.7,0.0,128,0,0
stealth_amp,stealth_amp,,D0,5,weighted_r4only,0,15,3,1,0.0009962722807112694,6.911489963531494,9.68577448540115e-06,0,9.68577448540115e-06,0.5,none,R4,weighted,False,0.0,nan,nan,nan,base,9.68577448540115e-06,0.5,6.911489963531494,1,0.7,0.0,128,0,0
stealth_amp,stealth_amp,,D0,5,weighted_r4only,0,15,4,1,8.903603154093662e-05,9.326469421386719,8.577920634404141e-07,0,8.577920634404141e-07,0.5,none,R4,weighted,False,0.0,nan,nan,nan,base,8.577920634404141e-07,0.5,9.326469421386719,1,0.7,0.0,128,0,0
stealth_amp,stealth_amp,,D0,5,weighted_r4only,0,15,5,0,0.7172369190247581,0.3323490619659424,8.779058681696627,1,8.779058681696627,0.5,none,R4,weighted,False,0.0,nan,nan,nan,base,8.779058681696627,0.5,0.3323490619659424,0,0.7,0.0,128,0,0
stealth_amp,stealth_amp,,D0,5,weighted_r4only,0,15,6,0,0.7357342597720733,0.3068862855434418,10.562844396322465,1,10.562844396322465,0.5,none,R4,weighted,False,0.0,nan,nan,nan,base,10.562844396322465,0.5,0.3068862855434418,0,0.7,0.0,128,0,0
stealth_amp,stealth_amp,,D0,5,weighted_r4only,0,15,7,0,0.7267169273878636,0.319218248128891,9.652039825352356,1,9.652039825352356,0.5,none,R4,weighted,False,0.0,nan,nan,nan,base,9.652039825352356,0.5,0.319218248128891,0,0.7,0.0,128,0,0
stealth_amp,stealth_amp,,D0,5,weighted_r4only,0,15,8,0,0.7098142379797312,0.34275197982788086,8.151014351356,1,8.151014351356,0.5,none,R4,weighted,False,0.0,nan,nan,nan,base,8.151014351356,0.5,0.34275197982788086,0,0.7,0.0,128,0,0
stealth_amp,stealth_amp,,D0,5,weighted_r4only,0,15,9,0,0.7253525954755883,0.32109740376472473,9.521248210490963,1,9.521248210490963,0.5,none,R4,weighted,False,0.0,nan,nan,nan,base,9.521248210490963,0.5,0.32109740376472473,0,0.7,0.0,128,0,0
stealth_amp,stealth_amp,,D0,5,weighted_r4only,1,15,0,1,0.00015044625031269634,8.801904678344727,1.450321543608495e-06,0,1.450321543608495e-06,0.5,none,R4,weighted,False,0.0,nan,nan,nan,base,1.450321543608495e-06,0.5,8.801904678344727,1,0.7,0.0,128,0,0
stealth_amp,stealth_amp,,D0,5,weighted_r4only,1,15,1,1,0.0011473056344192575,6.770339012145996,1.1170982255020144e-05,0,1.1170982255020144e-05,0.5,none,R4,weighted,False,0.0,nan,nan,nan,base,1.1170982255020144e-05,0.5,6.770339012145996,1,0.7,0.0,128,0,0
stealth_amp,stealth_amp,,D0,5,weighted_r4only,1,15,2,1,3.6780502416579745e-05,10.210542678833008,3.541660627938328e-07,0,3.541660627938328e-07,0.5,none,R4,weighted,False,0.0,nan,nan,nan,base,3.541660627938328e-07,0.5,10.210542678833008,1,0.7,0.0,128,0,0
stealth_amp,stealth_amp,,D0,5,weighted_r4only,1,15,3,1,5.3813890151168475e-05,9.829978942871094,5.182718838790573e-07,0,5.182718838790573e-07,0.5,none,R4,weighted,False,0.0,nan,nan,nan,base,5.182718838790573e-07,0.5,9.829978942871094,1,0.7,0.0,128,0,0
stealth_amp,stealth_amp,,D0,5,weighted_r4only,1,15,4,1,0.00016304953172416794,8.721456527709961,1.5720169391824086e-06,0,1.5720169391824086e-06,0.5,none,R4,weighted,False,0.0,nan,nan,nan,base,1.5720169391824086e-06,0.5,8.721456527709961,1,0.7,0.0,128,0,0
stealth_amp,stealth_amp,,D0,5,weighted_r4only,1,15,5,0,0.6731747372073437,0.39575034379959106,5.4339807702405905,0,5.4339807702405905,0.5,none,R4,weighted,False,0.0,nan,nan,nan,base,5.4339807702405905,0.5,0.39575034379959106,1,0.7,0.0,128,0,0
stealth_amp,stealth_amp,,D0,5,weighted_r4only,1,15,6,0,0.7014997015950163,0.3545348048210144,7.500704998692038,1,7.500704998692038,0.5,none,R4,weighted,False,0.0,nan,nan,nan,base,7.500704998692038,0.5,0.3545348048210144,0,0.7,0.0,128,0,0
stealth_amp,stealth_amp,,D0,5,weighted_r4only,1,15,7,0,0.6960342815730493,0.36235636472702026,7.061527549897342,0,7.061527549897342,0.5,none,R4,weighted,False,0.0,nan,nan,nan,base,7.061527549897342,0.5,0.36235636472702026,1,0.7,0.0,128,0,0
stealth_amp,stealth_amp,,D0,5,weighted_r4only,1,15,8,0,0.7040367654771427,0.35092470049858093,7.69343720787979,1,7.69343720787979,0.5,none,R4,weighted,False,0.0,nan,nan,nan,base,7.69343720787979,0.5,0.35092470049858093,0,0.7,0.0,128,0,0
stealth_amp,stealth_amp,,D0,5,weighted_r4only,1,15,9,0,0.702851906869128,0.3526090681552887,7.602818765229294,1,7.602818765229294,0.5,none,R4,weighted,False,0.0,nan,nan,nan,base,7.602818765229294,0.5,0.3526090681552887,0,0.7,0.0,128,0,0
stealth_amp,stealth_amp,,D0,5,weighted_r4only,2,15,0,1,6.073174518874705e-06,12.011629104614258,5.846173326723984e-08,0,5.846173326723984e-08,0.5,none,R4,weighted,False,0.0,nan,nan,nan,base,5.846173326723984e-08,0.5,12.011629104614258,1,0.7,0.0,128,0,0
stealth_amp,stealth_amp,,D0,5,weighted_r4only,2,15,1,1,0.0010266007764679855,6.881502151489258,9.983656022694385e-06,0,9.983656022694385e-06,0.5,none,R4,weighted,False,0.0,nan,nan,nan,base,9.983656022694385e-06,0.5,6.881502151489258,1,0.7,0.0,128,0,0
stealth_amp,stealth_amp,,D0,5,weighted_r4only,2,15,2,1,1.3741156705980096e-05,11.195115089416504,1.3228558430776614e-07,0,1.3228558430776614e-07,0.5,none,R4,weighted,False,0.0,nan,nan,nan,base,1.3228558430776614e-07,0.5,11.195115089416504,1,0.7,0.0,128,0,0
stealth_amp,stealth_amp,,D0,5,weighted_r4only,2,15,3,1,0.00115305226124705,6.765342712402344,1.1227580682602398e-05,0,1.1227580682602398e-05,0.5,none,R4,weighted,False,0.0,nan,nan,nan,base,1.1227580682602398e-05,0.5,6.765342712402344,1,0.7,0.0,128,0,0
stealth_amp,stealth_amp,,D0,5,weighted_r4only,2,15,4,1,0.00019439395165711477,8.545623779296875,1.8748068900081906e-06,0,1.8748068900081906e-06,0.5,none,R4,weighted,False,0.0,nan,nan,nan,base,1.8748068900081906e-06,0.5,8.545623779296875,1,0.7,0.0,128,0,0
stealth_amp,stealth_amp,,D0,5,weighted_r4only,2,15,5,0,0.725165004128836,0.32135605812072754,9.50340391515516,1,9.50340391515516,0.5,none,R4,weighted,False,0.0,nan,nan,nan,base,9.50340391515516,0.5,0.32135605812072754,0,0.7,0.0,128,0,0
stealth_amp,stealth_amp,,D0,5,weighted_r4only,2,15,6,0,0.7252971494976316,0.32117384672164917,9.51597052457446,1,9.51597052457446,0.5,none,R4,weighted,False,0.0,nan,nan,nan,base,9.51597052457446,0.5,0.32117384672164917,0,0.7,0.0,128,0,0
stealth_amp,stealth_amp,,D0,5,weighted_r4only,2,15,7,0,0.7062882360183991,0.3477318584918976,7.8686173448006915,1,7.8686173448006915,0.5,none,R4,weighted,False,0.0,nan,nan,nan,base,7.8686173448006915,0.5,0.3477318584918976,0,0.7,0.0,128,0,0
stealth_amp,stealth_amp,,D0,5,weighted_r4only,2,15,8,0,0.7294396641685602,0.3154786229133606,9.918449827390445,1,9.918449827390445,0.5,none,R4,weighted,False,0.0,nan,nan,nan,base,9.918449827390445,0.5,0.3154786229133606,0,0.7,0.0,128,0,0
stealth_amp,stealth_amp,,D0,5,weighted_r4only,2,15,9,0,0.7253174251570577,0.3211458921432495,9.51790014596423,1,9.51790014596423,0.5,none,R4,weighted,False,0.0,nan,nan,nan,base,9.51790014596423,0.5,0.3211458921432495,0,0.7,0.0,128,0,0
stealth_amp,stealth_amp,,D0,5,weighted_r4only,3,15,0,1,0.00027066821785041306,8.214616775512695,2.6124158560685704e-06,0,2.6124158560685704e-06,0.5,none,R4,weighted,False,0.0,nan,nan,nan,base,2.6124158560685704e-06,0.5,8.214616775512695,1,0.7,0.0,128,0,0
stealth_amp,stealth_amp,,D0,5,weighted_r4only,3,15,1,1,0.00010016252988278473,9.20871639251709,9.650944900222124e-07,0,9.650944900222124e-07,0.5,none,R4,weighted,False,0.0,nan,nan,nan,base,9.650944900222124e-07,0.5,9.20871639251709,1,0.7,0.0,128,0,0
stealth_amp,stealth_amp,,D0,5,weighted_r4only,3,15,2,1,5.147636739808265e-05,9.874387741088867,4.957480348857717e-07,0,4.957480348857717e-07,0.5,none,R4,weighted,False,0.0,nan,nan,nan,base,4.957480348857717e-07,0.5,9.874387741088867,1,0.7,0.0,128,0,0
stealth_amp,stealth_amp,,D0,5,weighted_r4only,3,15,3,1,0.00017622243209075006,8.643763542175293,1.699245253668344e-06,0,1.699245253668344e-06,0.5,none,R4,weighted,False,0.0,nan,nan,nan,base,1.699245253668344e-06,0.5,8.643763542175293,1,0.7,0.0,128,0,0
stealth_amp,stealth_amp,,D0,5,weighted_r4only,3,15,4,1,0.0005079832786465991,7.585062026977539,4.914565307688086e-06,0,4.914565307688086e-06,0.5,none,R4,weighted,False,0.0,nan,nan,nan,base,4.914565307688086e-06,0.5,7.585062026977539,1,0.7,0.0,128,0,0
stealth_amp,stealth_amp,,D0,5,weighted_r4only,3,15,5,0,0.7286083824727763,0.3166188895702362,9.83634131879877,1,9.83634131879877,0.5,none,R4,weighted,False,0.0,nan,nan,nan,base,9.83634131879877,0.5,0.3166188895702362,0,0.7,0.0,128,0,0
stealth_amp,stealth_amp,,D0,5,weighted_r4only,3,15,6,0,0.7364724815500487,0.30588340759277344,10.641110145996203,1,10.641110145996203,0.5,none,R4,weighted,False,0.0,nan,nan,nan,base,10.641110145996203,0.5,0.30588340759277344,0,0.7,0.0,128,0,0
stealth_amp,stealth_amp,,D0,5,weighted_r4only,3,15,7,0,0.7369216427228654,0.30527371168136597,10.689013381961317,1,10.689013381961317,0.5,none,R4,weighted,False,0.0,nan,nan,nan,base,10.689013381961317,0.5,0.30527371168136597,0,0.7,0.0,128,0,0
stealth_amp,stealth_amp,,D0,5,weighted_r4only,3,15,8,0,0.73757501549126,0.30438748002052307,10.759081137161548,1,10.759081137161548,0.5,none,R4,weighted,False,0.0,nan,nan,nan,base,10.759081137161548,0.5,0.30438748002052307,0,0.7,0.0,128,0,0
stealth_amp,stealth_amp,,D0,5,weighted_r4only,3,15,9,0,0.7402494996162629,0.3007679879665375,11.05071350163199,1,11.05071350163199,0.5,none,R4,weighted,False,0.0,nan,nan,nan,base,11.05071350163199,0.5,0.3007679879665375,0,0.7,0.0,128,0,0
stealth_amp,stealth_amp,,D0,5,weighted_r4only,4,15,0,1,0.0005187678837584173,7.564054012298584,5.019443989180524e-06,0,5.019443989180524e-06,0.5,none,R4,weighted,False,0.0,nan,nan,nan,base,5.019443989180524e-06,0.5,7.564054012298584,1,0.7,0.0,128,0,0
stealth_amp,stealth_amp,,D0,5,weighted_r4only,4,15,1,1,0.00022825808727045403,8.38503360748291,2.2021507034138585e-06,0,2.2021507034138585e-06,0.5,none,R4,weighted,False,0.0,nan,nan,nan,base,2.2021507034138585e-06,0.5,8.38503360748291,1,0.7,0.0,128,0,0
stealth_amp,stealth_amp,,D0,5,weighted_r4only,4,15,2,1,0.0018664444596287705,6.283720016479492,1.8304188803483203e-05,0,1.8304188803483203e-05,0.5,none,R4,weighted,False,0.0,nan,nan,nan,base,1.8304188803483203e-05,0.5,6.283720016479492,1,0.7,0.0,128,0,0
stealth_amp,stealth_amp,,D0,5,weighted_r4only,4,15,3,1,0.0001360451156599267,8.9025239944458,1.3113038644835886e-06,0,1.3113038644835886e-06,0.5,none,R4,weighted,False,0.0,nan,nan,nan,base,1.3113038644835886e-06,0.5,8.9025239944458,1,0.7,0.0,128,0,0
stealth_amp,stealth_amp,,D0,5,weighted_r4only,4,15,4,1,0.0014418006606341039,6.541862487792969,1.407979823485533e-05,0,1.407979823485533e-05,0.5,none,R4,weighted,False,0.0,nan,nan,nan,base,1.407979823485533e-05,0.5,6.541862487792969,1,0.7,0.0,128,0,0
stealth_amp,stealth_amp,,D0,5,weighted_r4only,4,15,5,0,0.7509414319027408,0.2864276170730591,12.297725407125037,1,12.297725407125037,0.5,none,R4,weighted,False,0.0,nan,nan,nan,base,12.297725407125037,0.5,0.2864276170730591,0,0.7,0.0,128,0,0
stealth_amp,stealth_amp,,D0,5,weighted_r4only,4,15,6,0,0.7231375202472247,0.32415586709976196,9.31266407620908,1,9.31266407620908,0.5,none,R4,weighted,False,0.0,nan,nan,nan,base,9.31266407620908,0.5,0.32415586709976196,0,0.7,0.0,128,0,0
stealth_amp,stealth_amp,,D0,5,weighted_r4only,4,15,7,0,0.7250984218422951,0.32144787907600403,9.497078437586717,1,9.497078437586717,0.5,none,R4,weighted,False,0.0,nan,nan,nan,base,9.497078437586717,0.5,0.32144787907600403,0,0.7,0.0,128,0,0
stealth_amp,stealth_amp,,D0,5,weighted_r4only,4,15,8,0,0.7509573888687113,0.28640636801719666,12.299687907557006,1,12.299687907557006,0.5,none,R4,weighted,False,0.0,nan,nan,nan,base,12.299687907557006,0.5,0.28640636801719666,0,0.7,0.0,128,0,0
stealth_amp,stealth_amp,,D0,5,weighted_r4only,4,15,9,0,0.741797846249904,0.29867851734161377,11.223148351812297,1,11.223148351812297,0.5,none,R4,weighted,False,0.0,nan,nan,nan,base,11.223148351812297,0.5,0.29867851734161377,0,0.7,0.0,128,0,0
dt_logit_scale,dt_logit_scale,,D0,5,weighted,0,15,0,1,0.5468049363339327,0.6036631464958191,2.0385043597596892,0,2.0385043597596892,0.7310585786300049,none,"R2,R4",weighted,False,0.0,nan,nan,nan,base,2.0385043597596892,0.5,0.6036631464958191,1,0.7,0.0,128,0,0
dt_logit_scale,dt_logit_scale,,D0,5,weighted,0,15,1,1,0.38607966860899934,0.9517115354537964,0.057824809720937696,0,0.057824809720937696,0.7310585786300049,none,"R2,R4",weighted,False,0.0,nan,nan,nan,base,0.057824809720937696,0.5,0.9517115354537964,1,0.7,0.0,128,0,0
dt_logit_scale,dt_logit_scale,,D0,5,weighted,0,15,2,1,0.5724316586757595,0.5578619241714478,3.5628188777948453,0,3.5628188777948453,0.7310585786300049,none,"R2,R4",weighted,False,0.0,nan,nan,nan,base,3.5628188777948453,0.5,0.5578619241714478,1,0.7,0.0,128,0,0
dt_logit_scale,dt_logit_scale,,D0,5,weighted,0,15,3,1,0.5199663904880681,0.6539911031723022,1.1332816153417657,0,1.1332816153417657,0.7310585786300049,none,"R2,R4",weighted,False,0.0,nan,nan,nan,base,1.1332816153417657,0.5,0.6539911031723022,1,0.7,0.0,128,0,0
dt_logit_scale,dt_logit_scale,,D0,5,weighted,0,15,4,1,0.5217178014491104,0.6506284475326538,1.1776352275580781,0,1.1776352275580781,0.7310585786300049,none,"R2,R4",weighted,False,0.0,nan,nan,nan,base,1.1776352275580781,0.5,0.6506284475326538,1,0.7,0.0,128,0,0
dt_logit_scale,dt_logit_scale,,D0,5,weighted,0,15,5,0,0.7149397015401203,0.33555707335472107,75.33161410023092,1,75.33161410023092,0.7310585786300049,none,"R2,R4",weighted,False,0.0,nan,nan,nan,base,75.33161410023092,0.5,0.33555707335472107,0,0.7,0.0,128,0,0
dt_logit_scale,dt_logit_scale,,D0,5,weighted,0,15,6,0,0.7317478812175934,0.31231924891471863,105.43171395001173,1,105.43171395001173,0.7310585786300049,none,"R2,R4",weighted,False,0.0,nan,nan,nan,base,105.43171395001173,0.5,0.31231924891471863,0,0.7,0.0,128,0,0
dt_logit_scale,dt_logit_scale,,D0,5,weighted,0,15,7,0,0.7229368204362036,0.32443344593048096,88.39737428879913,1,88.39737428879913,0.7310585786300049,none,"R2,R4",weighted,False,0.0,nan,nan,nan,base,88.39737428879913,0.5,0.32443344593048096,0,0.7,0.0,128,0,0
dt_logit_scale,dt_logit_scale,,D0,5,weighted,0,15,8,0,0.714075761892466,0.33676621317863464,74.04115562585854,1,74.04115562585854,0.7310585786300049,none,"R2,R4",weighted,False,0.0,nan,nan,nan,base,74.04115562585854,0.5,0.33676621317863464,0,0.7,0.0,128,0,0
dt_logit_scale,dt_logit_scale,,D0,5,weighted,0,15,9,0,0.718213966042009,0.33098775148391724,80.42983413639581,1,80.42983413639581,0.7310585786300049,none,"R2,R4",weighted,False,0.0,nan,nan,nan,base,80.42983413639581,0.5,0.33098775148391724,0,0.7,0.0,128,0,0
dt_logit_scale,dt_logit_scale,,D0,5,weighted,1,15,0,1,0.5745007842440005,0.5542538166046143,3.7267728447073654,0,3.7267728447073654,0.7310585786300049,none,"R2,R4",weighted,False,0.0,nan,nan,nan,base,3.7267728447073654,0.5,0.5542538166046143,1,0.7,0.0,128,0,0
dt_logit_scale,dt_logit_scale,,D0,5,weighted,1,15,1,1,0.5902609415382661,0.5271905660629272,5.247800657783609,0,5.247800657783609,0.7310585786300049,none,"R2,R4",weighted,False,0.0,nan,nan,nan,base,5.247800657783609,0.5,0.5271905660629272,1,0.7,0.0,128,0,0
dt_logit_scale,dt_logit_scale,,D0,5,weighted,1,15,2,1,0.5836003786062476,0.5385388135910034,4.541464605392488,0,4.541464605392488,0.7310585786300049,none,"R2,R4",weighted,False,0.0,nan,nan,nan,base,4.541464605392488,0.5,0.5385388135910034,1,0.7,0.0,128,0,0
dt_logit_scale,dt_logit_scale,,D0,5,weighted,1,15,3,1,0.5772866377817759,0.5494163632392883,3.959418591654481,0,3.959418591654481,0.7310585786300049,none,"R2,R4",weighted,False,0.0,nan,nan,nan,base,3.959418591654481,0.5,0.5494163632392883,1,0.7,0.0,128,0,0
dt_logit_scale,dt_logit_scale,,D0,5,weighted,1,15,4,1,0.5921987193443843,0.5239130258560181,5.47308346756224,0,5.47308346756224,0.7310585786300049,none,"R2,R4",weighted,False,0.0,nan,nan,nan,base,5.47308346756224,0.5,0.5239130258560181,1,0.7,0.0,128,0,0
dt_logit_scale,dt_logit_scale,,D0,5,weighted,1,15,5,0,0.6824550868863997,0.3820585608482361,38.3526635332877,0,38.3526635332877,0.7310585786300049,none,"R2,R4",weighted,False,0.0,nan,nan,nan,base,38.3526635332877,0.5,0.3820585608482361,1,0.7,0.0,128,0,0
dt_logit_scale,dt_logit_scale,,D0,5,weighted,1,15,6,0,0.6859012304629667,0.3770216405391693,41.29674860190986,0,41.29674860190986,0.7310585786300049,none,"R2,R4",weighted,False,0.0,nan,nan,nan,base,41.29674860190986,0.5,0.3770216405391693,1,0.7,0.0,128,0,0
dt_logit_scale,dt_logit_scale,,D0,5,weighted,1,15,7,0,0.6829521433879386,0.3813304901123047,38.76404646162392,0,38.76404646162392,0.7310585786300049,none,"R2,R4",weighted,False,0.0,nan,nan,nan,base,38.76404646162392,0.5,0.3813304901123047,1,0.7,0.0,128,0,0
dt_logit_scale,dt_logit_scale,,D0,5,weighted,1,15,8,0,0.6868163294934423,0.375688374042511,42.115633661192064,0,42.115633661192064,0.7310585786300049,none,"R2,R4",weighted,False,0.0,nan,nan,nan,base,42.115633661192064,0.5,0.375688374042511,1,0.7,0.0,128,0,0
dt_logit_scale,dt_logit_scale,,D0,5,weighted,1,15,9,0,0.6879999900853687,0.3739664554595947,43.19886181593019,0,43.19886181593019,0.7310585786300049,none,"R2,R4",weighted,False,0.0,nan,nan,nan,base,43.19886181593019,0.5,0.3739664554595947,1,0.7,0.0,128,0,0
dt_logit_scale,dt_logit_scale,,D0,5,weighted,2,15,0,1,0.6571217516032475,0.4198859632015228,22.249729932316292,0,22.249729932316292,0.7310585786300049,none,"R2,R4",weighted,False,0.0,nan,nan,nan,base,22.249729932316292,0.5,0.4198859632015228,1,0.7,0.0,128,0,0
dt_logit_scale,dt_logit_scale,,D0,5,weighted,2,15,1,1,0.6366606253625013,0.45151853561401367,14.317388440649037,0,14.317388440649037,0.7310585786300049,none,"R2,R4",weighted,False,0.0,nan,nan,nan,base,14.317388440649037,0.5,0.45151853561401367,1,0.7,0.0,128,0,0
dt_logit_scale,dt_logit_scale,,D0,5,weighted,2,15,2,1,0.6975025134920513,0.3602491617202759,52.96238316325467,0,52.96238316325467,0.7310585786300049,none,"R2,R4",weighted,False,0.0,nan,nan,nan,base,52.96238316325467,0.5,0.3602491617202759,1,0.7,0.0,128,0,0
dt_logit_scale,dt_logit_scale,,D0,5,weighted,2,15,3,1,0.6226023539087698,0.47384724020957947,10.569586085693237,0,10.569586085693237,0.7310585786300049,none,"R2,R4",weighted,False,0.0,nan,nan,nan,base,10.569586085693237,0.5,0.47384724020957947,1,0.7,0.0,128,0,0
dt_logit_scale,dt_logit_scale,,D0,5,weighted,2,15,4,1,0.6169001060830996,0.4830481708049774,9.344003051497461,0,9.344003051497461,0.7310585786300049,none,"R2,R4",weighted,False,0.0,nan,nan,nan,base,9.344003051497461,0.5,0.4830481708049774,1,0.7,0.0,128,0,0
dt_logit_scale,dt_logit_scale,,D0,5,weighted,2,15,5,0,0.7541197368819316,0.28220412135124207,164.9266113898876,1,164.9266113898876,0.7310585786300049,none,"R2,R4",weighted,False,0.0,nan,nan,nan,base,164.9266113898876,0.5,0.28220412135124207,0,0.7,0.0,128,0,0
dt_logit_scale,dt_logit_scale,,D0,5,weighted,2,15,6,0,0.7594809875498472,0.27511999011039734,183.5937816969699,1,183.5937816969699,0.7310585786300049,none,"R2,R4",weighted,False,0.0,nan,nan,nan,base,183.5937816969699,0.5,0.27511999011039734,0,0.7,0.0,128,0,0
dt_logit_scale,dt_logit_scale,,D0,5,weighted,2,15,7,0,0.7146123752300256,0.3360150158405304,74.8400644415803,1,74.8400644415803,0.7310585786300049,none,"R2,R4",weighted,False,0.0,nan,nan,nan,base,74.8400644415803,0.5,0.3360150158405304,0,0.7,0.0,128,0,0
dt_logit_scale,dt_logit_scale,,D0,5,weighted,2,15,8,0,0.7557916240346185,0.2799895703792572,170.53462214707494,1,170.53462214707494,0.7310585786300049,none,"R2,R4",weighted,False,0.0,nan,nan,nan,base,170.53462214707494,0.5,0.2799895703792572,0,0.7,0.0,128,0,0
dt_logit_scale,dt_logit_scale,,D0,5,weighted,2,15,9,0,0.7497282193899577,0.2880445122718811,151.0589632450691,1,151.0589632450691,0.7310585786300049,none,"R2,R4",weighted,False,0.0,nan,nan,nan,base,151.0589632450691,0.5,0.2880445122718811,0,0.7,0.0,128,0,0
dt_logit_scale,dt_logit_scale,,D0,5,weighted,3,15,0,1,0.6238557420883641,0.471836119890213,10.859709055516262,0,10.859709055516262,0.7310585786300049,none,"R2,R4",weighted,False,0.0,nan,nan,nan,base,10.859709055516262,0.5,0.471836119890213,1,0.7,0.0,128,0,0
dt_logit_scale,dt_logit_scale,,D0,5,weighted,3,15,1,1,0.5987021375444944,0.5129910707473755,6.3017821978787385,0,6.3017821978787385,0.7310585786300049,none,"R2,R4",weighted,False,0.0,nan,nan,nan,base,6.3017821978787385,0.5,0.5129910707473755,1,0.7,0.0,128,0,0
dt_logit_scale,dt_logit_scale,,D0,5,weighted,3,15,2,1,0.6127324929608842,0.48982682824134827,8.538657830789115,0,8.538657830789115,0.7310585786300049,none,"R2,R4",weighted,False,0.0,nan,nan,nan,base,8.538657830789115,0.5,0.48982682824134827,1,0.7,0.0,128,0,0
dt_logit_scale,dt_logit_scale,,D0,5,weighted,3,15,3,1,0.5868440789289261,0.5329961180686951,4.872788021558508,0,4.872788021558508,0.7310585786300049,none,"R2,R4",weighted,False,0.0,nan,nan,nan,base,4.872788021558508,0.5,0.5329961180686951,1,0.7,0.0,128,0,0
dt_logit_scale,dt_logit_scale,,D0,5,weighted,3,15,4,1,0.609239271994984,0.4955441951751709,7.917076797940069,0,7.917076797940069,0.7310585786300049,none,"R2,R4",weighted,False,0.0,nan,nan,nan,base,7.917076797940069,0.5,0.4955441951751709,1,0.7,0.0,128,0,0
dt_logit_scale,dt_logit_scale,,D0,5,weighted,3,15,5,0,0.7118489589594266,0.3398895263671875,70.81600518251992,1,70.81600518251992,0.7310585786300049,none,"R2,R4",weighted,False,0.0,nan,nan,nan,base,70.81600518251992,0.5,0.3398895263671875,0,0.7,0.0,128,0,0
dt_logit_scale,dt_logit_scale,,D0,5,weighted,3,15,6,0,0.7119081081457518,0.3398064374923706,70.8998289355191,1,70.8998289355191,0.7310585786300049,none,"R2,R4",weighted,False,0.0,nan,nan,nan,base,70.8998289355191,0.5,0.3398064374923706,0,0.7,0.0,128,0,0
dt_logit_scale,dt_logit_scale,,D0,5,weighted,3,15,7,0,0.7119719302833568,0.3397167921066284,70.99038629163397,1,70.99038629163397,0.7310585786300049,none,"R2,R4",weighted,False,0.0,nan,nan,nan,base,70.99038629163397,0.5,0.3397167921066284,0,0.7,0.0,128,0,0
dt_logit_scale,dt_logit_scale,,D0,5,weighted,3,15,8,0,0.710290979013997,0.34208056330680847,68.64343091633928,1,68.64343091633928,0.7310585786300049,none,"R2,R4",weighted,False,0.0,nan,nan,nan,base,68.64343091633928,0.5,0.34208056330680847,0,0.7,0.0,128,0,0
dt_logit_scale,dt_logit_scale,,D0,5,weighted,3,15,9,0,0.7137118837082962,0.3372759222984314,73.50427237121113,1,73.50427237121113,0.7310585786300049,none,"R2,R4",weighted,False,0.0,nan,nan,nan,base,73.50427237121113,0.5,0.3372759222984314,0,0.7,0.0,128,0,0
dt_logit_scale,dt_logit_scale,,D0,5,weighted,4,15,0,1,0.6876740332604125,0.37444034218788147,42.89782497743931,0,42.89782497743931,0.7310585786300049,none,"R2,R4",weighted,False,0.0,nan,nan,nan,base,42.89782497743931,0.5,0.37444034218788147,1,0.7,0.0,128,0,0
dt_logit_scale,dt_logit_scale,,D0,5,weighted,4,15,1,1,0.7578742962762346,0.27723774313926697,177.7879918482605,1,177.7879918482605,0.7310585786300049,none,"R2,R4",weighted,False,0.0,nan,nan,nan,base,177.7879918482605,0.5,0.27723774313926697,0,0.7,0.0,128,0,0
dt_logit_scale,dt_logit_scale,,D0,5,weighted,4,15,2,1,0.6940242462739005,0.3652483820915222,49.156905991076094,0,49.156905991076094,0.7310585786300049,none,"R2,R4",weighted,False,0.0,nan,nan,nan,base,49.156905991076094,0.5,0.3652483820915222,1,0.7,0.0,128,0,0
dt_logit_scale,dt_logit_scale,,D0,5,weighted,4,15,3,1,0.7971014949818483,0.22677326202392578,389.6059164059489,1,389.6059164059489,0.7310585786300049,none,"R2,R4",weighted,False,0.0,nan,nan,nan,base,389.6059164059489,0.5,0.22677326202392578,0,0.7,0.0,128,0,0
dt_logit_scale,dt_logit_scale,,D0,5,weighted,4,15,4,1,0.7054459565450175,0.3489251136779785,62.303960098883955,1,62.303960098883955,0.7310585786300049,none,"R2,R4",weighted,False,0.0,nan,nan,nan,base,62.303960098883955,0.5,0.3489251136779785,0,0.7,0.0,128,0,0
dt_logit_scale,dt_logit_scale,,D0,5,weighted,4,15,5,0,0.8422393343435189,0.17169106006622314,960.9213316884304,1,960.9213316884304,0.7310585786300049,none,"R2,R4",weighted,False,0.0,nan,nan,nan,base,960.9213316884304,0.5,0.17169106006622314,0,0.7,0.0,128,0,0
dt_logit_scale,dt_logit_scale,,D0,5,weighted,4,15,6,0,0.7972571322957823,0.226578027009964,390.82055021509314,1,390.82055021509314,0.7310585786300049,none,"R2,R4",weighted,False,0.0,nan,nan,nan,base,390.82055021509314,0.5,0.226578027009964,0,0.7,0.0,128,0,0
dt_logit_scale,dt_logit_scale,,D0,5,weighted,4,15,7,0,0.7946842826114369,0.22981037199497223,371.2187494810082,1,371.2187494810082,0.7310585786300049,none,"R2,R4",weighted,False,0.0,nan,nan,nan,base,371.2187494810082,0.5,0.22981037199497223,0,0.7,0.0,128,0,0
dt_logit_scale,dt_logit_scale,,D0,5,weighted,4,15,8,0,0.8535655960746735,0.15833288431167603,1205.2204549488927,1,1205.2204549488927,0.7310585786300049,none,"R2,R4",weighted,False,0.0,nan,nan,nan,base,1205.2204549488927,0.5,0.15833288431167603,0,0.7,0.0,128,0,0
dt_logit_scale,dt_logit_scale,,D0,5,weighted,4,15,9,0,0.8233716340588582,0.19434762001037598,658.8780992662045,1,658.8780992662045,0.7310585786300049,none,"R2,R4",weighted,False,0.0,nan,nan,nan,base,658.8780992662045,0.5,0.19434762001037598,0,0.7,0.0,128,0,0
dt_logit_scale,dt_logit_scale,,D0,5,weighted_r4only,0,15,0,1,0.4422731206511574,0.8158276677131653,0.35472177922722714,0,0.35472177922722714,0.5,none,R4,weighted,False,0.0,nan,nan,nan,base,0.35472177922722714,0.5,0.8158276677131653,1,0.7,0.0,128,0,0
dt_logit_scale,dt_logit_scale,,D0,5,weighted_r4only,0,15,1,1,0.44259883181179577,0.8150914907455444,0.3561411176830793,0,0.3561411176830793,0.5,none,R4,weighted,False,0.0,nan,nan,nan,base,0.3561411176830793,0.5,0.8150914907455444,1,0.7,0.0,128,0,0
dt_logit_scale,dt_logit_scale,,D0,5,weighted_r4only,0,15,2,1,0.45915189621248065,0.778374195098877,0.4359706785026217,0,0.4359706785026217,0.5,none,R4,weighted,False,0.0,nan,nan,nan,base,0.4359706785026217,0.5,0.778374195098877,1,0.7,0.0,128,0,0
dt_logit_scale,dt_logit_scale,,D0,5,weighted_r4only,0,15,3,1,0.43619652900112815,0.8296623826026917,0.3292222749281078,0,0.3292222749281078,0.5,none,R4,weighted,False,0.0,nan,nan,nan,base,0.3292222749281078,0.5,0.8296623826026917,1,0.7,0.0,128,0,0
dt_logit_scale,dt_logit_scale,,D0,5,weighted_r4only,0,15,4,1,0.4443547656792583,0.81113201379776,0.363887904637207,0,0.363887904637207,0.5,none,R4,weighted,False,0.0,nan,nan,nan,base,0.363887904637207,0.5,0.81113201379776,1,0.7,0.0,128,0,0
dt_logit_scale,dt_logit_scale,,D0,5,weighted_r4only,0,15,5,0,0.611482463210682,0.4918690025806427,2.6634721028867925,0,2.6634721028867925,0.5,none,R4,weighted,False,0.0,nan,nan,nan,base,2.6634721028867925,0.5,0.4918690025806427,1,0.7,0.0,128,0,0
dt_logit_scale,dt_logit_scale,,D0,5,weighted_r4only,0,15,6,0,0.6223405794064759,0.47426778078079224,3.0216799671177426,0,3.0216799671177426,0.5,none,R4,weighted,False,0.0,nan,nan,nan,base,3.0216799671177426,0.5,0.47426778078079224,1,0.7,0.0,128,0,0
dt_logit_scale,dt_logit_scale,,D0,5,weighted_r4only,0,15,7,0,0.6165759524322914,0.4835737645626068,2.8259955333316538,0,2.8259955333316538,0.5,none,R4,weighted,False,0.0,nan,nan,nan,base,2.8259955333316538,0.5,0.4835737645626068,1,0.7,0.0,128,0,0
dt_logit_scale,dt_logit_scale,,D0,5,weighted_r4only,0,15,8,0,0.6180197228085805,0.48123490810394287,2.8738059433338403,0,2.8738059433338403,0.5,none,R4,weighted,False,0.0,nan,nan,nan,base,2.8738059433338403,0.5,0.48123490810394287,1,0.7,0.0,128,0,0
dt_logit_scale,dt_logit_scale,,D0,5,weighted_r4only,0,15,9,0,0.6209661941669652,0.476478636264801,2.9738524971409186,0,2.9738524971409186,0.5,none,R4,weighted,False,0.0,nan,nan,nan,base,2.9738524971409186,0.5,0.476478636264801,1,0.7,0.0,128,0,0
dt_logit_scale,dt_logit_scale,,D0,5,weighted_r4only,1,15,0,1,0.482674738928064,0.7284122705459595,0.5798476181277001,0,0.5798476181277001,0.5,none,R4,weighted,False,0.0,nan,nan,nan,base,0.5798476181277001,0.5,0.7284122705459595,1,0.7,0.0,128,0,0
dt_logit_scale,dt_logit_scale,,D0,5,weighted_r4only,1,15,1,1,0.5082571460442219,0.6767677664756775,0.7885800450795235,0,0.7885800450795235,0.5,none,R4,weighted,False,0.0,nan,nan,nan,base,0.7885800450795235,0.5,0.6767677664756775,1,0.7,0.0,128,0,0
dt_logit_scale,dt_logit_scale,,D0,5,weighted_r4only,1,15,2,1,0.5070192781759928,0.6792062520980835,0.7769816647374431,0,0.7769816647374431,0.5,none,R4,weighted,False,0.0,nan,nan,nan,base,0.7769816647374431,0.5,0.6792062520980835,1,0.7,0.0,128,0,0
dt_logit_scale,dt_logit_scale,,D0,5,weighted_r4only,1,15,3,1,0.49402141473922767,0.7051764130592346,0.6647878433873351,0,0.6647878433873351,0.5,none,R4,weighted,False,0.0,nan,nan,nan,base,0.6647878433873351,0.5,0.7051764130592346,1,0.7,0.0,128,0,0
dt_logit_scale,dt_logit_scale,,D0,5,weighted_r4only,1,15,4,1,0.5005344016513035,0.6920789480209351,0.7188806082382411,0,0.7188806082382411,0.5,none,R4,weighted,False,0.0,nan,nan,nan,base,0.7188806082382411,0.5,0.6920789480209351,1,0.7,0.0,128,0,0
dt_logit_scale,dt_logit_scale,,D0,5,weighted_r4only,1,15,5,0,0.6543664698370898,0.4240877330303192,4.3765113399155045,0,4.3765113399155045,0.5,none,R4,weighted,False,0.0,nan,nan,nan,base,4.3765113399155045,0.5,0.4240877330303192,1,0.7,0.0,128,0,0
dt_logit_scale,dt_logit_scale,,D0,5,weighted_r4only,1,15,6,0,0.6577538077113777,0.41892457008361816,4.550733601060708,0,4.550733601060708,0.5,none,R4,weighted,False,0.0,nan,nan,nan,base,4.550733601060708,0.5,0.41892457008361816,1,0.7,0.0,128,0,0
dt_logit_scale,dt_logit_scale,,D0,5,weighted_r4only,1,15,7,0,0.6542290172115427,0.4242978096008301,4.3695817994130515,0,4.3695817994130515,0.5,none,R4,weighted,False,0.0,nan,nan,nan,base,4.3695817994130515,0.5,0.4242978096008301,1,0.7,0.0,128,0,0
dt_logit_scale,dt_logit_scale,,D0,5,weighted_r4only,1,15,8,0,0.6560816794457257,0.4214699864387512,4.463895217214206,0,4.463895217214206,0.5,none,R4,weighted,False,0.0,nan,nan,nan,base,4.463895217214206,0.5,0.4214699864387512,1,0.7,0.0,128,0,0
dt_logit_scale,dt_logit_scale,,D0,5,weighted_r4only,1,15,9,0,0.6571185007080769,0.4198909103870392,4.517546517606562,0,4.517546517606562,0.5,none,R4,weighted,False,0.0,nan,nan,nan,base,4.517546517606562,0.5,0.4198909103870392,1,0.7,0.0,128,0,0
dt_logit_scale,dt_logit_scale,,D0,5,weighted_r4only,2,15,0,1,0.48832634142039455,0.7167713642120361,0.6207461814833298,0,0.6207461814833298,0.5,none,R4,weighted,False,0.0,nan,nan,nan,base,0.6207461814833298,0.5,0.7167713642120361,1,0.7,0.0,128,0,0
dt_logit_scale,dt_logit_scale,,D0,5,weighted_r4only,2,15,1,1,0.48765903603908,0.7181388139724731,0.6157750814482712,0,0.6157750814482712,0.5,none,R4,weighted,False,0.0,nan,nan,nan,base,0.6157750814482712,0.5,0.7181388139724731,1,0.7,0.0,128,0,0
dt_logit_scale,dt_logit_scale,,D0,5,weighted_r4only,2,15,2,1,0.481425654665223,0.73100346326828,0.5711679538825967,0,0.5711679538825967,0.5,none,R4,weighted,False,0.0,nan,nan,nan,base,0.5711679538825967,0.5,0.73100346326828,1,0.7,0.0,128,0,0
dt_logit_scale,dt_logit_scale,,D0,5,weighted_r4only,2,15,3,1,0.4821057518291884,0.7295917868614197,0.5758780700526621,0,0.5758780700526621,0.5,none,R4,weighted,False,0.0,nan,nan,nan,base,0.5758780700526621,0.5,0.7295917868614197,1,0.7,0.0,128,0,0
dt_logit_scale,dt_logit_scale,,D0,5,weighted_r4only,2,15,4,1,0.48297325884822967,0.7277939915657043,0.5819408555711189,0,0.5819408555711189,0.5,none,R4,weighted,False,0.0,nan,nan,nan,base,0.5819408555711189,0.5,0.7277939915657043,1,0.7,0.0,128,0,0
dt_logit_scale,dt_logit_scale,,D0,5,weighted_r4only,2,15,5,0,0.6646692614412698,0.408465713262558,4.927845356156982,0,4.927845356156982,0.5,none,R4,weighted,False,0.0,nan,nan,nan,base,4.927845356156982,0.5,0.408465713262558,1,0.7,0.0,128,0,0
dt_logit_scale,dt_logit_scale,,D0,5,weighted_r4only,2,15,6,0,0.6643629906718064,0.4089266061782837,4.910512152828919,0,4.910512152828919,0.5,none,R4,weighted,False,0.0,nan,nan,nan,base,4.910512152828919,0.5,0.4089266061782837,1,0.7,0.0,128,0,0
dt_logit_scale,dt_logit_scale,,D0,5,weighted_r4only,2,15,7,0,0.6637540374627052,0.4098436236381531,4.876226657880629,0,4.876226657880629,0.5,none,R4,weighted,False,0.0,nan,nan,nan,base,4.876226657880629,0.5,0.4098436236381531,1,0.7,0.0,128,0,0
dt_logit_scale,dt_logit_scale,,D0,5,weighted_r4only,2,15,8,0,0.6642886078890703,0.40903857350349426,4.9063115580125976,0,4.9063115580125976,0.5,none,R4,weighted,False,0.0,nan,nan,nan,base,4.9063115580125976,0.5,0.40903857350349426,1,0.7,0.0,128,0,0
dt_logit_scale,dt_logit_scale,,D0,5,weighted_r4only,2,15,9,0,0.6636482153460102,0.41000306606292725,4.870292667749394,0,4.870292667749394,0.5,none,R4,weighted,False,0.0,nan,nan,nan,base,4.870292667749394,0.5,0.41000306606292725,1,0.7,0.0,128,0,0
dt_logit_scale,dt_logit_scale,,D0,5,weighted_r4only,3,15,0,1,0.5087586155494098,0.6757816076278687,0.7933264256432262,0,0.7933264256432262,0.5,none,R4,weighted,False,0.0,nan,nan,nan,base,0.7933264256432262,0.5,0.6757816076278687,1,0.7,0.0,128,0,0
dt_logit_scale,dt_logit_scale,,D0,5,weighted_r4only,3,15,1,1,0.4792362113053302,0.7355616688728333,0.5562571387474269,0,0.5562571387474269,0.5,none,R4,weighted,False,0.0,nan,nan,nan,base,0.5562571387474269,0.5,0.7355616688728333,1,0.7,0.0,128,0,0
dt_logit_scale,dt_logit_scale,,D0,5,weighted_r4only,3,15,2,1,0.4827807955314272,0.7281925678253174,0.5805904543289538,0,0.5805904543289538,0.5,none,R4,weighted,False,0.0,nan,nan,nan,base,0.5805904543289538,0.5,0.7281925678253174,1,0.7,0.0,128,0,0
dt_logit_scale,dt_logit_scale,,D0,5,weighted_r4only,3,15,3,1,0.48658391048123156,0.7203459143638611,0.6078471263153906,0,0.6078471263153906,0.5,none,R4,weighted,False,0.0,nan,nan,nan,base,0.6078471263153906,0.5,0.7203459143638611,1,0.7,0.0,128,0,0
dt_logit_scale,dt_logit_scale,,D0,5,weighted_r4only,3,15,4,1,0.48406458432385957,0.7255369424819946,0.5896558865887639,0,0.5896558865887639,0.5,none,R4,weighted,False,0.0,nan,nan,nan,base,0.5896558865887639,0.5,0.7255369424819946,1,0.7,0.0,128,0,0
dt_logit_scale,dt_logit_scale,,D0,5,weighted_r4only,3,15,5,0,0.6558158158231288,0.4218752980232239,4.45023900687871,0,4.45023900687871,0.5,none,R4,weighted,False,0.0,nan,nan,nan,base,4.45023900687871,0.5,0.4218752980232239,1,0.7,0.0,128,0,0
dt_logit_scale,dt_logit_scale,,D0,5,weighted_r4only,3,15,6,0,0.6552302795971054,0.4227685332298279,4.4203072474877105,0,4.4203072474877105,0.5,none,R4,weighted,False,0.0,nan,nan,nan,base,4.4203072474877105,0.5,0.4227685332298279,1,0.7,0.0,128,0,0
dt_logit_scale,dt_logit_scale,,D0,5,weighted_r4only,3,15,7,0,0.6582260075178105,0.41820693016052246,4.575555394005918,0,4.575555394005918,0.5,none,R4,weighted,False,0.0,nan,nan,nan,base,4.575555394005918,0.5,0.41820693016052246,1,0.7,0.0,128,0,0
dt_logit_scale,dt_logit_scale,,D0,5,weighted_r4only,3,15,8,0,0.6562328983455888,0.4212395250797272,4.4716810077960485,0,4.4716810077960485,0.5,none,R4,weighted,False,0.0,nan,nan,nan,base,4.4716810077960485,0.5,0.4212395250797272,1,0.7,0.0,128,0,0
dt_logit_scale,dt_logit_scale,,D0,5,weighted_r4only,3,15,9,0,0.6594672437610922,0.4163229763507843,4.6414388038087715,0,4.6414388038087715,0.5,none,R4,weighted,False,0.0,nan,nan,nan,base,4.6414388038087715,0.5,0.4163229763507843,1,0.7,0.0,128,0,0
dt_logit_scale,dt_logit_scale,,D0,5,weighted_r4only,4,15,0,1,0.6040304901848431,0.5041306018829346,2.442077823422819,0,2.442077823422819,0.5,none,R4,weighted,False,0.0,nan,nan,nan,base,2.442077823422819,0.5,0.5041306018829346,1,0.7,0.0,128,0,0
dt_logit_scale,dt_logit_scale,,D0,5,weighted_r4only,4,15,1,1,0.6331678372150007,0.45701974630355835,3.4257950281518306,0,3.4257950281518306,0.5,none,R4,weighted,False,0.0,nan,nan,nan,base,3.4257950281518306,0.5,0.45701974630355835,1,0.7,0.0,128,0,0
dt_logit_scale,dt_logit_scale,,D0,5,weighted_r4only,4,15,2,1,0.5385095066715826,0.6189501285552979,1.1306807467628435,0,1.1306807467628435,0.5,none,R4,weighted,False,0.0,nan,nan,nan,base,1.1306807467628435,0.5,0.6189501285552979,1,0.7,0.0,128,0,0
dt_logit_scale,dt_logit_scale,,D0,5,weighted_r4only,4,15,3,1,0.6509621982314756,0.42930370569229126,4.208024175558764,0,4.208024175558764,0.5,none,R4,weighted,False,0.0,nan,nan,nan,base,4.208024175558764,0.5,0.42930370569229126,1,0.7,0.0,128,0,0
dt_logit_scale,dt_logit_scale,,D0,5,weighted_r4only,4,15,4,1,0.5722047060742407,0.5582584738731384,1.682807502063266,0,1.682807502063266,0.5,none,R4,weighted,False,0.0,nan,nan,nan,base,1.682807502063266,0.5,0.5582584738731384,1,0.7,0.0,128,0,0
dt_logit_scale,dt_logit_scale,,D0,5,weighted_r4only,4,15,5,0,0.7395998852787379,0.3016459345817566,10.979159147629852,1,10.979159147629852,0.5,none,R4,weighted,False,0.0,nan,nan,nan,base,10.979159147629852,0.5,0.3016459345817566,0,0.7,0.0,128,0,0
dt_logit_scale,dt_logit_scale,,D0,5,weighted_r4only,4,15,6,0,0.7384248018718248,0.3032360076904297,10.850899922558506,1,10.850899922558506,0.5,none,R4,weighted,False,0.0,nan,nan,nan,base,10.850899922558506,0.5,0.3032360076904297,0,0.7,0.0,128,0,0
dt_logit_scale,dt_logit_scale,,D0,5,weighted_r4only,4,15,7,0,0.73736940770464,0.30466628074645996,10.736982354768587,1,10.736982354768587,0.5,none,R4,weighted,False,0.0,nan,nan,nan,base,10.736982354768587,0.5,0.30466628074645996,0,0.7,0.0,128,0,0
dt_logit_scale,dt_logit_scale,,D0,5,weighted_r4only,4,15,8,0,0.7427606907597328,0.29738137125968933,11.331731725204119,1,11.331731725204119,0.5,none,R4,weighted,False,0.0,nan,nan,nan,base,11.331731725204119,0.5,0.29738137125968933,0,0.7,0.0,128,0,0
dt_logit_scale,dt_logit_scale,,D0,5,weighted_r4only,4,15,9,0,0.7390796175093554,0.30234962701797485,10.922186455024667,1,10.922186455024667,0.5,none,R4,weighted,False,0.0,nan,nan,nan,base,10.922186455024667,0.5,0.30234962701797485,0,0.7,0.0,128,0,0
